date_effective,date_last_updated,date_created_atm,id_permit_og,id_permit_atm,id_property_atm,permit_type,permit_sub_type,description,project_name,status,job_value,fees,id_contractor,company_name,cid_company_name,property_owner,cid_property_owner,property_legal_description,property_type_description,propery_type_major_category,property_type_sub_category,property_address_type_key,address_type_description,subdivision,cbsa_name,county_name,city_state,full_mailing_address,address1,house_number,street_direction,street_name,city,state,zipcode,zipcode4,latitude,longitude,adu,bathroom_remodel,commercial,commercial_renovation,decks_and_porches,demolition,docks,doors_and_windows,electrical_work,excavation_and_grading,fences,flatwork_concrete,foundations,garage_construction,home_addition,hvac,kitchen_remodel,landscape,mechanical_work,mobile_homes,multiroom_remodel,new_construction,patios,paving_driveways_and_sidewalks,plumbing,pole_barn,pool_and_spa_construction,residential,retaining_walls,roofing,sewer_laterals,siding,signage,solar_installation,wood_fences,row_id
12/19/2000,12/8/2022,3/1/2020,SN00410,5833067,33361956,Sign cvt: conversion type,NULL,Attached,NULL,COMPLETE,1016,50,477P7v,Fast Signs,8fa193cc068e93bcb910920c20bd84fc,NULL,NULL,SPAR 83 BLK 1R TR 1 ACS 8.035 INT201300319661 DD10082013 CO-DC 5783901R00100 2CG5783901R,DISTRIBUTION WAREHOUSE (REGIONAL),Industrial,INDUSTRIAL,7,HIGHRISE,SPAR,"DALLAS-FORT WORTH-ARLINGTON, TX",Dallas,"GARLAND, TX","850 S JUPITER RD, GARLAND, TX 75042",850 S JUPITER RD,850,NULL,JUPITER,GARLAND,TX,75042,7781,32.905736,-96.681659,0,0,0,0,0,0,0,0,0,0,0,0,0,0,0,0,0,0,0,0,0,0,0,0,0,0,0,0,0,0,0,0,1,0,0,233148
8/31/2000,6/7/2024,3/1/2020,E000218,5834182,41221239,Electrical - commercial; Elec-com alt: alteration,NULL,Meter base repair,NULL,complete,0,40,DKA7m2,Prism Electric,01fc9c6c19129f2aa22d2ea0be657058,Jupiter Road Baptist Church,959b170c85522d25c68dca4126e6e995,JUPITER ROAD BAPTIST CHURCH ACS 3.9367 INT201400269122 DD08222007 CO-DC 2895000000100 2CG28950000,"RELIGIOUS, CHURCH, WORSHIP (SYNAGOGUE, TEMPLE, PARSONAGE)",Other or unknown,OTHER,1,STANDARD US,JUPITER ROAD BAPTIST CHURCH,"DALLAS-FORT WORTH-ARLINGTON, TX",Dallas,"GARLAND, TX","2422 N JUPITER RD, GARLAND, TX 75044",2422 N JUPITER RD,2422,NULL,JUPITER,GARLAND,TX,75044,7347,32.938357,-96.681642,0,0,1,0,0,0,0,0,1,0,0,0,0,0,0,0,0,0,0,0,0,0,0,0,0,0,0,0,0,0,0,0,0,0,0,233325
2/22/2000,6/7/2024,3/1/2020,TS00008,5834232,41760978,Tempsale cvt: conversion type,NULL,Seasonal activities,NULL,COMPLETE,0,100,DKArex,the Home Depot - Home Services,28b5f862893411dd79a3e7de252a06b8,NULL,NULL,HOME DEPOT/RYANS BLK 1 LT 1 ACS 12.993 VOL96046/0006 DD030196 CO-DALLAS 2750900100100 2CG27509001,"WHOLESALE OUTLET, DISCOUNT STORE (FRANCHISE)",Commercial,RETAIL,1,STANDARD US,HOME DEPOT/RYANS,"DALLAS-FORT WORTH-ARLINGTON, TX",Dallas,"GARLAND, TX","2140 N JUPITER RD, GARLAND, TX 75044",2140 N JUPITER RD,2140,NULL,JUPITER,GARLAND,TX,75044,7702,32.93279,-96.680967,0,0,0,0,0,0,0,0,0,0,0,0,0,0,0,0,0,0,0,0,0,0,0,0,0,0,0,1,0,0,0,0,0,0,0,233337
5/25/2000,6/7/2024,3/1/2020,SN00160,5834349,47336598,Sign cvt: conversion type,NULL,Attached illuminated sign,NULL,APPROVED,600,50,bB0Gyv,Waldrum Lighting & Signs,f06c0aa2145e6fbab8954807a2b52734,NULL,NULL,BUCKINGHAM COURT REP BLK 1 PT LT 2 ACS 0.300 INT202100233628 DD08052021 CO-DC 0545500100201 2CG05455001,SERVICE STATION (FULL SERVICE),Commercial,RETAIL,1,STANDARD US,BUCKINGHAM COURT REP,"DALLAS-FORT WORTH-ARLINGTON, TX",Dallas,"GARLAND, TX","1901 N JUPITER RD, GARLAND, TX 75042",1901 N JUPITER RD,1901,NULL,JUPITER,GARLAND,TX,75042,4745,32.93037,-96.683485,0,0,0,0,0,0,0,0,0,0,0,0,0,0,0,0,0,0,0,0,0,0,0,0,0,0,0,0,0,0,0,0,1,0,0,233360
10/25/2000,10/2/2023,3/1/2020,S001220,5834784,166657804,Single family residence addition,NULL,New additon  laundry room & living & bathroom,NULL,complete,7000,NULL,NULL,NULL,NULL,NULL,NULL,MONICA PARK HEIGHTS 1 BLK 4 LOT 11 VOL92200/5963 EX100892 CO-DALLAS 3615000401100 32636150004,SINGLE FAMILY RESIDENCE,Residential,SINGLE FAMILY RESIDENCE,1,STANDARD US,MONICA PARK HEIGHTS,"DALLAS-FORT WORTH-ARLINGTON, TX",Dallas,"GARLAND, TX","825 JUNE DR, GARLAND, TX 75040",825 JUNE DR,825,NULL,JUNE,GARLAND,TX,75040,8133,32.897744,-96.620568,0,1,0,0,0,0,0,0,1,0,0,0,0,0,1,0,0,0,0,0,0,0,0,0,1,0,0,1,0,0,0,0,0,0,0,233392
10/26/2000,6/7/2024,3/1/2020,P000983,5834834,36449729,Plmg-res alt: alteration,NULL,Gas test,NULL,APPROVED,0,20,6bl1xl,Schrade Plumbing,ad19ddd5edb8761b211340464e59432c,NULL,NULL,CHANDLER HEIGHTS BLK H LT 23 INT202100256746 DD08252021 CO-DC 0875000802300 1CG08750008,SINGLE FAMILY RESIDENCE,Residential,SINGLE FAMILY RESIDENCE,1,STANDARD US,CHANDLER HEIGHTS,"DALLAS-FORT WORTH-ARLINGTON, TX",Dallas,"GARLAND, TX","629 JOYCE DR, GARLAND, TX 75040",629 JOYCE DR,629,NULL,JOYCE,GARLAND,TX,75040,7763,32.899964,-96.639034,0,0,0,0,0,0,0,0,0,0,0,0,0,0,0,0,0,0,0,0,0,0,0,0,1,0,0,1,0,0,0,0,0,0,0,233397
1/21/2000,6/7/2024,3/1/2020,S000054,5834885,10093257,Single family residence addition,Utility,Utility room,NULL,complete,4800,0,ELvkY4,Electra Plus; Rustown Homes INC,07d0f08fec27c8b71e5b14f65230690e,NULL,NULL,CHANDLER HEIGHTS BLK I LT 4 INT20080095698 DD03212008 CO-DC 0875000900400 1CG08750009,SINGLE FAMILY RESIDENCE,Residential,SINGLE FAMILY RESIDENCE,1,STANDARD US,CHANDLER HEIGHTS,"DALLAS-FORT WORTH-ARLINGTON, TX",Dallas,"GARLAND, TX","512 JOYCE DR, GARLAND, TX 75040",512 JOYCE DR,512,NULL,JOYCE,GARLAND,TX,75040,7762,32.899514,-96.637219,0,0,0,0,0,0,0,0,0,0,0,0,0,0,0,0,0,0,0,0,0,0,0,0,0,0,0,1,0,0,0,0,0,0,0,233402
7/7/2000,10/2/2023,3/1/2020,S000712,5835896,44676036,Miscellaneous - residential,NULL,Fire repair,NULL,complete,38000,0,PxymDb,Mainstream Plumbing; Odaniel AIR; Ramirez Electric; Restoration Management Consultants,b9bca7f0af78685119e4c117c0f165e1,NULL,NULL,WESTWOOD 2 BLK C LOT 13 VOL2002057/6510 DD03132002 CO-DC 6735000301300 32667350003,SINGLE FAMILY RESIDENCE,Residential,SINGLE FAMILY RESIDENCE,1,STANDARD US,WESTWOOD,"DALLAS-FORT WORTH-ARLINGTON, TX",Dallas,"GARLAND, TX","402 JARRELL CIR, GARLAND, TX 75042",402 JARRELL CIR,402,NULL,JARRELL,GARLAND,TX,75042,6606,32.915313,-96.661705,0,0,0,0,0,0,0,0,1,0,0,0,0,0,0,1,0,0,0,0,0,0,0,0,1,0,0,1,0,0,0,0,0,0,0,233514
5/31/2000,10/2/2023,3/1/2020,E000125,5835940,34609254,Elec-res alt: alteration; Electrical - residential,NULL,Meter base repair/new service,NULL,COMPLETE,0,20,8orgxD,Lydon Paul (master),1e051aa624a5b0264d593735d420ac06,NULL,NULL,GARLAND PARK BLK 3 LOT 20 INT202300059013 DD03272023 CO-DC 2095000302000 1CG20950003,SINGLE FAMILY RESIDENCE,Residential,SINGLE FAMILY RESIDENCE,1,STANDARD US,GARLAND PARK,"DALLAS-FORT WORTH-ARLINGTON, TX",Dallas,"GARLAND, TX","1621 JAMES DR, GARLAND, TX 75042",1621 JAMES DR,1621,NULL,JAMES,GARLAND,TX,75042,8114,32.906544,-96.6528,0,0,0,0,0,0,0,0,1,0,0,0,0,0,0,0,0,0,0,0,0,0,0,0,0,0,0,1,0,0,0,0,0,0,0,233525
10/5/2000,4/12/2021,3/1/2020,S001203,5836097,44547765,Sfr-misc cvt: conversion type,NULL,Temp sales trailer,NULL,APPROVED,0,95,3mbAql,Plantation Homes,8d0755f3b207f6de0732cc3bc4fd87d8,NULL,NULL,SPRINGFIELD ESTATES 3 BLK 1 LT 1 VOL2002181/7554 DD09102002 CO-DC 5786700100100 32657867001,SINGLE FAMILY RESIDENCE,Residential,SINGLE FAMILY RESIDENCE,1,STANDARD US,SPRINGFIELD ESTATES,"DALLAS-FORT WORTH-ARLINGTON, TX",Dallas,"GARLAND, TX","1901 JADE CT, GARLAND, TX 75040",1901 JADE CT,1901,NULL,JADE,GARLAND,TX,75040,5516,32.930209,-96.59765,0,0,0,0,0,0,0,0,0,0,0,0,0,0,0,0,0,0,0,0,0,0,0,0,0,0,0,1,0,0,0,0,0,0,0,233549
8/4/2000,6/7/2024,3/1/2020,PO00163,5836273,166652172,Pool alt: alteration,NULL,Cartridge filter,NULL,APPROVED,23000,140,74Lm0D,Clutter Electric,89a9d274192c10363df70aedfddb115c,NULL,NULL,GREENBROOK ESTATES BLK 12 LOT 10 INT201300271517 DD08072013 CO-DC 2525001201000 1CG25250012,SINGLE FAMILY RESIDENCE,Residential,SINGLE FAMILY RESIDENCE,1,STANDARD US,GREENBROOK ESTATES,"DALLAS-FORT WORTH-ARLINGTON, TX",Dallas,"GARLAND, TX","506 IVY WAY, GARLAND, TX 75043",506 IVY WAY,506,NULL,IVY,GARLAND,TX,75043,3222,32.863349,-96.611331,0,0,0,0,0,0,0,0,1,0,0,0,0,0,0,0,0,0,0,0,0,0,0,0,0,0,1,0,0,0,0,0,0,0,0,233586
10/19/2000,4/12/2021,3/1/2020,S001248,5914312,166659429,Gar-car cvt: conversion type,NULL,Carport,NULL,COMPLETE,0,50,50w4xk,Metro Patio & Carport Inc,cb81311493fe61e0317ab812a2a34303,NULL,NULL,NEW WORLD 2 BLK 29 LT 18 CO-DALLAS 3845002901800 32638450029,SINGLE FAMILY RESIDENCE,Residential,SINGLE FAMILY RESIDENCE,1,STANDARD US,NEW WORLD,"DALLAS-FORT WORTH-ARLINGTON, TX",Dallas,"GARLAND, TX","1021 HERITAGE DR, GARLAND, TX 75043",1021 HERITAGE DR,1021,NULL,HERITAGE,GARLAND,TX,75043,5325,32.84644,-96.634258,0,0,0,0,0,0,0,0,0,0,0,0,0,0,0,0,0,0,0,0,0,0,0,0,0,0,0,0,0,0,0,0,0,0,0,235157
2/14/2000,10/2/2023,3/1/2020,PO00013,5919579,33354799,Swimming pool - commercial,NULL,Cartridge filter,NULL,complete,18500,0,KkyrV6,Hobert Pools; Positive Electric; Water Works,a04291ec8425131df739816d6d714eb3,NULL,NULL,CREEK BEND ESTATES BLK B LT 5 INT201800134925 DD05182018 CO-DC 1118000200500 3CG11180002,SINGLE FAMILY RESIDENCE,Residential,SINGLE FAMILY RESIDENCE,1,STANDARD US,CREEK BEND ESTATES,"DALLAS-FORT WORTH-ARLINGTON, TX",Dallas,"GARLAND, TX","3449 HEATHER HILL DR, GARLAND, TX 75044",3449 HEATHER HILL DR,3449,NULL,HEATHER HILL,GARLAND,TX,75044,2031,32.976917,-96.681543,0,0,0,0,0,0,0,0,1,0,0,0,0,0,0,0,0,0,0,0,0,0,0,0,0,0,1,0,0,0,0,0,0,0,0,235281
11/9/2000,6/7/2024,3/1/2020,S001302,5919602,4237129,Fdrepair v-n,NULL,Founation repair,NULL,VOID,0,25,KNdrve,Advanced Foundation Repair,7da8e0bad165712dbb09132fc9299a84,NULL,NULL,LA PRADA 1 BLK 12 LOT 3 INT201700012291 DD01122017 CO-DC 3086001200300 1CG30860012,SINGLE FAMILY RESIDENCE,Residential,SINGLE FAMILY RESIDENCE,1,STANDARD US,LA PRADA,"DALLAS-FORT WORTH-ARLINGTON, TX",Dallas,"GARLAND, TX","5309 HEATHER GLEN DR, GARLAND, TX 75043",5309 HEATHER GLEN DR,5309,NULL,HEATHER GLEN,GARLAND,TX,75043,3020,32.855947,-96.630006,0,0,0,0,0,0,0,0,0,0,0,0,0,0,0,0,0,0,0,0,0,0,0,0,0,0,0,0,0,0,0,0,0,0,0,235296
10/4/2000,6/7/2024,3/1/2020,S001192,5919603,4237129,Foundation repair - residential,NULL,Foundation repair,NULL,complete,NULL,NULL,KNdrve,Advanced Foundation Repair,7da8e0bad165712dbb09132fc9299a84,NULL,NULL,LA PRADA 1 BLK 12 LOT 3 INT201700012291 DD01122017 CO-DC 3086001200300 1CG30860012,SINGLE FAMILY RESIDENCE,Residential,SINGLE FAMILY RESIDENCE,1,STANDARD US,LA PRADA,"DALLAS-FORT WORTH-ARLINGTON, TX",Dallas,"GARLAND, TX","5309 HEATHER GLEN DR, GARLAND, TX 75043",5309 HEATHER GLEN DR,5309,NULL,HEATHER GLEN,GARLAND,TX,75043,3020,32.855947,-96.630006,0,0,0,0,0,0,0,0,0,0,0,0,1,0,0,0,0,0,0,0,0,0,0,0,0,0,0,0,0,0,0,0,0,0,0,235297
11/20/2000,10/9/2023,3/1/2020,S001309,5919774,47311231,Single family residence (new),NULL,New single family residence,NULL,complete,98479,0,EgN4bb,Choice Homes; Imperial Electric; J&S AIR; KMP 2 (kennedale Mansfield Plumbing ),36f951ef5ffcc467b324ee4eea6094f4,NULL,NULL,DUCK CREEK ESTATES BLK 4 LT 2 VOL2001038/6349 DD02082001 CO-DC 1428000400200 32614280004,SINGLE FAMILY RESIDENCE,Residential,SINGLE FAMILY RESIDENCE,1,STANDARD US,DUCK CREEK ESTATES,"DALLAS-FORT WORTH-ARLINGTON, TX",Dallas,"GARLAND, TX","318 HAVENWOOD LN, GARLAND, TX 75043",318 HAVENWOOD LN,318,NULL,HAVENWOOD,GARLAND,TX,75043,8912,32.859255,-96.613991,0,0,0,0,0,0,0,0,1,0,0,0,0,0,0,1,0,0,0,0,0,1,0,0,1,0,0,1,0,0,0,0,0,0,0,235404
11/20/2000,10/2/2023,3/1/2020,S001298,5919780,47497166,Single family residence (new),NULL,Single family residence,NULL,complete,110857,0,EgN4bb,Choice Homes; Corral Fence CO; Imperial Electric; J&S AIR; KMP 2 (kennedale Mansfield Plumbing ),39be3bb81282c739628b25a42031dd5f,NULL,NULL,DUCK CREEK ESTATES BLK 4 LT 3 INT201700353636 DD12152017 CO-DC 1428000400300 1CG14280004,SINGLE FAMILY RESIDENCE,Residential,SINGLE FAMILY RESIDENCE,1,STANDARD US,DUCK CREEK ESTATES,"DALLAS-FORT WORTH-ARLINGTON, TX",Dallas,"GARLAND, TX","314 HAVENWOOD LN, GARLAND, TX 75043",314 HAVENWOOD LN,314,NULL,HAVENWOOD,GARLAND,TX,75043,8912,32.859381,-96.614126,0,0,0,0,0,0,0,0,1,0,0,0,0,0,0,1,0,0,0,0,0,1,0,0,1,0,0,1,0,0,0,0,0,0,0,235407
12/14/2000,10/2/2023,3/1/2020,S001404,5919791,14811094,Single family residence (new),Single family residence,New house,NULL,complete,105336,0,EgN4bb,Choice Homes; Corral Fence CO; Imperial Electric; J&S AIR; KMP 2 (kennedale Mansfield Plumbing ),39be3bb81282c739628b25a42031dd5f,NULL,NULL,DUCK CREEK ESTATES BLK 4 LT 4 INT201100199064 DD06292011 CO-DC 1428000400400 1CG14280004,SINGLE FAMILY RESIDENCE,Residential,SINGLE FAMILY RESIDENCE,1,STANDARD US,DUCK CREEK ESTATES,"DALLAS-FORT WORTH-ARLINGTON, TX",Dallas,"GARLAND, TX","310 HAVENWOOD LN, GARLAND, TX 75043",310 HAVENWOOD LN,310,NULL,HAVENWOOD,GARLAND,TX,75043,8912,32.859507,-96.614284,0,0,0,0,0,0,0,0,1,0,0,0,0,0,0,1,0,0,0,0,0,1,0,0,1,0,0,1,0,0,0,0,0,0,0,235413
12/12/2000,4/12/2021,3/1/2020,S001432,5919799,47486431,Single family residence v-n,NULL,Single family residence,NULL,VOID,99641,540,EgN4bb,Choice Homes; Corral Fence Co,c31da8271f4de079d688c0491e92f2e7,NULL,NULL,DUCK CREEK ESTATES BLK 4 LT 6 INT201500129956 DD05152015 CO-DC 1428000400600 1CG14280004,SINGLE FAMILY RESIDENCE,Residential,SINGLE FAMILY RESIDENCE,1,STANDARD US,DUCK CREEK ESTATES,"DALLAS-FORT WORTH-ARLINGTON, TX",Dallas,"GARLAND, TX","302 HAVENWOOD LN, GARLAND, TX 75043",302 HAVENWOOD LN,302,NULL,HAVENWOOD,GARLAND,TX,75043,8912,32.859664,-96.614675,0,0,0,0,0,0,0,0,0,0,0,0,0,0,0,0,0,0,0,0,0,1,0,0,0,0,0,1,0,0,0,0,0,0,0,235418
12/27/2000,10/9/2023,3/1/2020,S001429,5919802,4241734,Single family residence (new),NULL,New single family residence,NULL,complete,115331,0,EgN4bb,Choice Homes; Corral Fence CO; Imperial Electric; J&S AIR; KMP 2 (kennedale Mansfield Plumbing ),39be3bb81282c739628b25a42031dd5f,NULL,NULL,DUCK CREEK ESTATES BLK 1 LT 27 VOL2001067/4546 DD03222001 CO-DC 1428000102700 32614280001,SINGLE FAMILY RESIDENCE,Residential,SINGLE FAMILY RESIDENCE,1,STANDARD US,DUCK CREEK ESTATES,"DALLAS-FORT WORTH-ARLINGTON, TX",Dallas,"GARLAND, TX","221 HAVENWOOD LN, GARLAND, TX 75043",221 HAVENWOOD LN,221,NULL,HAVENWOOD,GARLAND,TX,75043,8911,32.860113,-96.614544,0,0,0,0,0,0,0,0,1,0,0,0,0,0,0,1,0,0,0,0,0,1,0,0,1,0,0,1,0,0,0,0,0,0,0,235420
11/21/2000,10/9/2023,3/1/2020,S001308,5919820,4321202,Single family residence (new),NULL,New single family residence,NULL,complete,94179,0,EgN4bb,Choice Homes; Corral Fence CO; Imperial Electric; J&S AIR; KMP 2 (kennedale Mansfield Plumbing ),39be3bb81282c739628b25a42031dd5f,NULL,NULL,DUCK CREEK ESTATES BLK 3 LT 12 VOL2001045/4806 DD02222001 CO-DC 1428000301200 32614280003,SINGLE FAMILY RESIDENCE,Residential,SINGLE FAMILY RESIDENCE,1,STANDARD US,DUCK CREEK ESTATES,"DALLAS-FORT WORTH-ARLINGTON, TX",Dallas,"GARLAND, TX","202 HAVENWOOD LN, GARLAND, TX 75043",202 HAVENWOOD LN,202,NULL,HAVENWOOD,GARLAND,TX,75043,8910,32.859934,-96.615523,0,0,0,0,0,0,0,0,1,0,0,0,0,0,0,1,0,0,0,0,0,1,0,0,1,0,0,1,0,0,0,0,0,0,0,235428
10/9/2000,6/7/2024,3/1/2020,E000256,5919948,44669770,Electrical - residential,NULL,Meter base repair,NULL,complete,NULL,NULL,ybe11D,ALL IN ONE Electrical INC,ddb35012ce160c2994de2f14a68b6ac6,NULL,NULL,RIDGEWOOD PARK BLK E LOT 17 VOL2002128/2267 CO-DALLAS 4905000501700 32649050005,SINGLE FAMILY RESIDENCE,Residential,SINGLE FAMILY RESIDENCE,1,STANDARD US,RIDGEWOOD PARK,"DALLAS-FORT WORTH-ARLINGTON, TX",Dallas,"GARLAND, TX","120 W HARVARD DR, GARLAND, TX 75041",120 W HARVARD DR,120,NULL,HARVARD,GARLAND,TX,75041,4501,32.874718,-96.632246,0,0,0,0,0,0,0,0,1,0,0,0,0,0,0,0,0,0,0,0,0,0,0,0,0,0,0,1,0,0,0,0,0,0,0,235494
3/9/2000,2/21/2022,3/1/2020,B-000516,149749,41551486,Residential building,Single family dwelling,New single family dwelling jl/cv,NULL,ISSUED,0,0,v6dpNK,D AND G PROPERTIES,4272a9d6bb084a57503f618fc95a4bb4,GENE KIZZIAR,b8c22ae1de2400822c9a48118f92f802,TRINITY VIEW BLK B LT 3.2 ACS 0.8404 VOL2001243/6923 DD12072001 CO-DC 5445000200302 13254450002,SINGLE FAMILY RESIDENCE,Residential,SINGLE FAMILY RESIDENCE,1,STANDARD US,TRINITY VIEW,"DALLAS-FORT WORTH-ARLINGTON, TX",Dallas,"IRVING, TX","1310 TRINITY VIEW ST, IRVING, TX 75060",1310 TRINITY VIEW ST,1310,NULL,TRINITY VIEW,IRVING,TX,75060,6248,32.799707,-96.931756,0,0,0,0,0,0,0,0,0,0,0,0,0,0,0,0,0,0,0,0,0,1,0,0,0,0,0,1,0,0,0,0,0,0,0,14287
9/25/2000,10/2/2023,3/1/2020,BP-0900-0103,238353,11058983,Parent,NULL,Tear off old roof and replace le,NULL,NONE,3000,40,NULL,Ben F Clark,50e4d88d15f574d354f1f635392afcd7,Alfred Ford,9efadbc03841899e6d822cc88e23d5c1,WINTER GREEN BLK B LT 5 INT201900139798 DD05302019 CO-DC 6046000B00500 2CI6046000B,SINGLE FAMILY RESIDENCE,Residential,SINGLE FAMILY RESIDENCE,1,STANDARD US,WINTER GREEN,"DALLAS-FORT WORTH-ARLINGTON, TX",Dallas,"IRVING, TX","2711 TIMBERVIEW DR, IRVING, TX 75060",2711 TIMBERVIEW DR,2711,NULL,TIMBERVIEW,IRVING,TX,75060,4747,32.79776,-96.983637,0,0,0,0,0,0,0,0,0,0,0,0,0,0,0,0,0,0,0,0,0,0,0,0,0,0,0,0,0,1,0,0,0,0,0,22995
9/25/2000,6/7/2024,3/1/2020,B-002178,238357,11058983,Residential building,Roof,Tear off old roof and replace le,NULL,expired,0,40,aBmBYp,AAA Auger,47085db67345c2ba18c13340118e03fb,Alfred Ford,9efadbc03841899e6d822cc88e23d5c1,WINTER GREEN BLK B LT 5 INT201900139798 DD05302019 CO-DC 6046000B00500 2CI6046000B,SINGLE FAMILY RESIDENCE,Residential,SINGLE FAMILY RESIDENCE,1,STANDARD US,WINTER GREEN,"DALLAS-FORT WORTH-ARLINGTON, TX",Dallas,"IRVING, TX","2711 TIMBERVIEW DR, IRVING, TX 75060",2711 TIMBERVIEW DR,2711,NULL,TIMBERVIEW,IRVING,TX,75060,4747,32.79776,-96.983637,0,0,0,0,0,0,0,0,0,0,0,0,0,0,0,0,0,0,0,0,0,0,0,0,0,0,0,1,0,1,0,0,0,0,0,22997
2/9/2000,6/7/2024,3/1/2020,E-902162,238420,24405480,Electrical,Swimming pool/spa,Pool mj/cv,NULL,final,NULL,NULL,9B7E5W,Pacesetter Pools,b497424195adec7902385af95f8ee8a8,Greg Behm,e8736dc7281aabce7147570060f8e4e7,LIVE OAK ESTATES 3 BLK A LT 14 VOL99098/1403 DD043099 CO-DALLAS 2695000101400 13226950001,SINGLE FAMILY RESIDENCE,Residential,SINGLE FAMILY RESIDENCE,1,STANDARD US,LIVE OAK ESTATES,"DALLAS-FORT WORTH-ARLINGTON, TX",Dallas,"IRVING, TX","1701 TIMBERS DR, IRVING, TX 75061",1701 TIMBERS DR,1701,NULL,TIMBERS,IRVING,TX,75061,2240,32.831358,-96.961393,0,0,0,0,0,0,0,0,1,0,0,0,0,0,0,0,0,0,0,0,0,0,0,0,0,0,1,0,0,0,0,0,0,0,0,23015
10/18/2000,9/6/2021,3/1/2020,P-001693,238609,166689608,plumbing,Single family dwelling,Relay water service le,NULL,expired,NULL,35,y87wx3,Nichols Plumbing,816fb10305c90c545030dd3268024468,Richard Bailey,0da5c1c1225e10be0082d5cbe67f890c,PLYMOUTH PARK NORTH 6 2ND INST BLK M LOT 6 VOL2000147/3580 DD07312000 CO-DC 4155001300600 13241550013,SINGLE FAMILY RESIDENCE,Residential,SINGLE FAMILY RESIDENCE,1,STANDARD US,PLYMOUTH PARK NORTH 2ND,"DALLAS-FORT WORTH-ARLINGTON, TX",Dallas,"IRVING, TX","3424 THRUSH DR, IRVING, TX 75062",3424 THRUSH DR,3424,NULL,THRUSH,IRVING,TX,75062,3036,32.854032,-96.995397,0,0,0,0,0,0,0,0,0,0,0,0,0,0,0,0,0,0,0,0,0,0,0,0,1,0,0,1,0,0,0,0,0,0,0,23075
4/7/2000,12/6/2021,3/1/2020,M-000346,238774,47270595,Mechanical,Single family dwelling,Fire repair roof (mech and electrical included) cmh/le,NULL,expired,NULL,NULL,NULL,Micahel I Hayes,da2ff7bc80143b95a8375fb0c2aa78ed,Michael I Hayes,c6b3f092637dd4873b4da7be195b5419,ARCADIA GARDENS 2 LOT 21 VOL2004108/18903 DD04122001 CO-DC 0075000002100 2CI00750000,SINGLE FAMILY RESIDENCE,Residential,SINGLE FAMILY RESIDENCE,1,STANDARD US,ARCADIA GARDENS,"DALLAS-FORT WORTH-ARLINGTON, TX",Dallas,"IRVING, TX","533 THOMPSON ST, IRVING, TX 75061",533 THOMPSON ST,533,NULL,THOMPSON,IRVING,TX,75061,7216,32.820165,-96.96106,0,0,0,0,0,0,0,0,0,0,0,0,0,0,0,0,0,0,1,0,0,0,0,0,0,0,0,1,0,0,0,0,0,0,0,23116
4/7/2000,12/6/2021,3/1/2020,E-000673,238778,47270595,Electrical,Single family dwelling,Fire repair roof (mech and electrical included) cmh/le,NULL,expired,NULL,NULL,NULL,Micahel I Hayes,da2ff7bc80143b95a8375fb0c2aa78ed,Michael I Hayes,c6b3f092637dd4873b4da7be195b5419,ARCADIA GARDENS 2 LOT 21 VOL2004108/18903 DD04122001 CO-DC 0075000002100 2CI00750000,SINGLE FAMILY RESIDENCE,Residential,SINGLE FAMILY RESIDENCE,1,STANDARD US,ARCADIA GARDENS,"DALLAS-FORT WORTH-ARLINGTON, TX",Dallas,"IRVING, TX","533 THOMPSON ST, IRVING, TX 75061",533 THOMPSON ST,533,NULL,THOMPSON,IRVING,TX,75061,7216,32.820165,-96.96106,0,0,0,0,0,0,0,0,1,0,0,0,0,0,0,0,0,0,0,0,0,0,0,0,0,0,0,1,0,0,0,0,0,0,0,23117
4/7/2000,12/6/2021,3/1/2020,BP-0400-0029,238783,47270595,Parent,NULL,Fire repair roof (mech and electrical included) cmh/le,NULL,NONE,50000,50,NULL,Micahel I Hayes,da2ff7bc80143b95a8375fb0c2aa78ed,Michael I Hayes,c6b3f092637dd4873b4da7be195b5419,ARCADIA GARDENS 2 LOT 21 VOL2004108/18903 DD04122001 CO-DC 0075000002100 2CI00750000,SINGLE FAMILY RESIDENCE,Residential,SINGLE FAMILY RESIDENCE,1,STANDARD US,ARCADIA GARDENS,"DALLAS-FORT WORTH-ARLINGTON, TX",Dallas,"IRVING, TX","533 THOMPSON ST, IRVING, TX 75061",533 THOMPSON ST,533,NULL,THOMPSON,IRVING,TX,75061,7216,32.820165,-96.96106,0,0,0,0,0,0,0,0,1,0,0,0,0,0,0,0,0,0,0,0,0,0,0,0,0,0,0,0,0,1,0,0,0,0,0,23118
4/7/2000,12/6/2021,3/1/2020,B-000798,238789,47270595,Residential building,Single family dwelli,Fire repair roof (mech and electrical included) cmh/le,NULL,expired,NULL,NULL,NULL,Micahel I Hayes,da2ff7bc80143b95a8375fb0c2aa78ed,Michael I Hayes,c6b3f092637dd4873b4da7be195b5419,ARCADIA GARDENS 2 LOT 21 VOL2004108/18903 DD04122001 CO-DC 0075000002100 2CI00750000,SINGLE FAMILY RESIDENCE,Residential,SINGLE FAMILY RESIDENCE,1,STANDARD US,ARCADIA GARDENS,"DALLAS-FORT WORTH-ARLINGTON, TX",Dallas,"IRVING, TX","533 THOMPSON ST, IRVING, TX 75061",533 THOMPSON ST,533,NULL,THOMPSON,IRVING,TX,75061,7216,32.820165,-96.96106,0,0,0,0,0,0,0,0,0,0,0,0,0,0,0,0,0,0,0,0,0,0,0,0,0,0,0,1,0,0,0,0,0,0,0,23119
6/26/2000,10/2/2023,3/1/2020,BP-0600-0061,239503,143560429,Parent,NULL,Aluminum carport 18 x 20 mj/bj,NULL,NONE,1900,40,NULL,Buss Aluminum,cc18cc070354409a98445d1600931e4f,Ken Moore,b5e4e0e186f03de8fce74a70a6877841,NORTHWEST PARK 2ND INST BLK 11 LT 29R VOL96197/1105 DD100196 CO-DALLAS 3545001102900 13235450011,SINGLE FAMILY RESIDENCE,Residential,SINGLE FAMILY RESIDENCE,1,STANDARD US,NORTHWEST PARK 2ND,"DALLAS-FORT WORTH-ARLINGTON, TX",Dallas,"IRVING, TX","4133 TACOMA ST, IRVING, TX 75062",4133 TACOMA ST,4133,NULL,TACOMA,IRVING,TX,75062,7235,32.845929,-97.007907,0,0,0,0,0,0,0,0,0,0,0,0,0,0,0,0,0,0,0,0,0,0,0,0,0,0,0,0,0,0,0,0,0,0,0,23293
6/26/2000,10/2/2023,3/1/2020,B-001414,239505,143560429,Residential building,Carport,Aluminum carport 18 x 20 mj/bj,NULL,expired,NULL,NULL,NULL,Buss Aluminum,cc18cc070354409a98445d1600931e4f,Ken Moore,b5e4e0e186f03de8fce74a70a6877841,NORTHWEST PARK 2ND INST BLK 11 LT 29R VOL96197/1105 DD100196 CO-DALLAS 3545001102900 13235450011,SINGLE FAMILY RESIDENCE,Residential,SINGLE FAMILY RESIDENCE,1,STANDARD US,NORTHWEST PARK 2ND,"DALLAS-FORT WORTH-ARLINGTON, TX",Dallas,"IRVING, TX","4133 TACOMA ST, IRVING, TX 75062",4133 TACOMA ST,4133,NULL,TACOMA,IRVING,TX,75062,7235,32.845929,-97.007907,0,0,0,0,0,0,0,0,0,0,0,0,0,0,0,0,0,0,0,0,0,0,0,0,0,0,0,1,0,0,0,0,0,0,0,23294
12/29/2000,12/11/2021,3/1/2020,P-002079,239738,23622546,plumbing,Water heater,Water heater cv,NULL,EXPIRED,0,35,o5OnW8,D AND D PLUMBING,233a61f68e46a81e8397707f1d9b889d,"MAHALIK, ROBERT",11fe601e48635e6e66ed68650495c20c,NORTHWEST PARK 3RD INST BLK 21 LT 30 INT20080237153 DD07142008 CO-DC 3555002103000 2CI35550021,SINGLE FAMILY RESIDENCE,Residential,SINGLE FAMILY RESIDENCE,1,STANDARD US,NORTHWEST PARK 3RD,"DALLAS-FORT WORTH-ARLINGTON, TX",Dallas,"IRVING, TX","3908 SUN VALLEY CT, IRVING, TX 75062",3908 SUN VALLEY CT,3908,NULL,SUN VALLEY,IRVING,TX,75062,4026,32.849411,-97.004045,0,0,0,0,0,0,0,0,0,0,0,0,0,0,0,0,0,0,0,0,0,0,0,0,1,0,0,0,0,0,0,0,0,0,0,23361
4/24/2000,12/6/2021,3/1/2020,P-000651,240025,41188101,plumbing,Swimming pool/spa,Install inground gunite pool mj/eg,NULL,expired,0,0,VJr3q9,Alcala's Plumbing,176efea6f859d645f6629458dcdd2a5f,Rick James,7ec0c1e0f894edfbb71f008c3b10b674,KINWEST SEC 20 RES PH 1 1ST INST BLK A LOT 47 INT202100234645 DD07262021 CO-DC 2510000A04700 2CI2510000A,SINGLE FAMILY RESIDENCE,Residential,SINGLE FAMILY RESIDENCE,1,STANDARD US,KINWEST SEC RES PH 1ST,"DALLAS-FORT WORTH-ARLINGTON, TX",Dallas,"IRVING, TX","7301 SUMMITVIEW DR, IRVING, TX 75063",7301 SUMMITVIEW DR,7301,NULL,SUMMITVIEW,IRVING,TX,75063,3368,32.906637,-96.980016,0,0,0,0,0,0,0,0,0,0,0,0,0,0,0,0,0,0,0,0,0,0,0,0,1,0,1,0,0,0,0,0,0,0,0,23430
4/11/2000,12/6/2021,3/1/2020,E-000672,240029,41188101,Electrical,Swimming pool/spa,Install inground gunite pool mj/eg,NULL,final,NULL,NULL,Eg4y6A,Positive Electric,a5b56d60eb4f2e1bba3ebdb7b5c6f623,Rick James,7ec0c1e0f894edfbb71f008c3b10b674,KINWEST SEC 20 RES PH 1 1ST INST BLK A LOT 47 INT202100234645 DD07262021 CO-DC 2510000A04700 2CI2510000A,SINGLE FAMILY RESIDENCE,Residential,SINGLE FAMILY RESIDENCE,1,STANDARD US,KINWEST SEC RES PH 1ST,"DALLAS-FORT WORTH-ARLINGTON, TX",Dallas,"IRVING, TX","7301 SUMMITVIEW DR, IRVING, TX 75063",7301 SUMMITVIEW DR,7301,NULL,SUMMITVIEW,IRVING,TX,75063,3368,32.906637,-96.980016,0,0,0,0,0,0,0,0,1,0,0,0,0,0,0,0,0,0,0,0,0,0,0,0,0,0,1,0,0,0,0,0,0,0,0,23432
4/7/2000,6/7/2024,3/1/2020,BP-0400-0028,240034,41188101,Parent,NULL,Arbor gm/le,NULL,NONE,2500,50,EZp6d6,Premier Pools,b32f0c9fdf961d3905b353f840717a4a,Rilk James,2e84483916f59ae81d712acb83a936b9,KINWEST SEC 20 RES PH 1 1ST INST BLK A LOT 47 INT202100234645 DD07262021 CO-DC 2510000A04700 2CI2510000A,SINGLE FAMILY RESIDENCE,Residential,SINGLE FAMILY RESIDENCE,1,STANDARD US,KINWEST SEC RES PH 1ST,"DALLAS-FORT WORTH-ARLINGTON, TX",Dallas,"IRVING, TX","7301 SUMMITVIEW DR, IRVING, TX 75063",7301 SUMMITVIEW DR,7301,NULL,SUMMITVIEW,IRVING,TX,75063,3368,32.906637,-96.980016,0,0,0,0,0,0,0,0,0,0,0,0,0,0,0,0,0,0,0,0,0,0,0,0,0,0,0,0,0,0,0,0,0,0,0,23434
3/13/2000,6/7/2024,3/1/2020,BP-0300-0037,240035,41188101,Parent,NULL,Install inground grinite pool mj/eg,NULL,NONE,48000,48,EZp6d6,Premier Pools,b32f0c9fdf961d3905b353f840717a4a,Rick James,7ec0c1e0f894edfbb71f008c3b10b674,KINWEST SEC 20 RES PH 1 1ST INST BLK A LOT 47 INT202100234645 DD07262021 CO-DC 2510000A04700 2CI2510000A,SINGLE FAMILY RESIDENCE,Residential,SINGLE FAMILY RESIDENCE,1,STANDARD US,KINWEST SEC RES PH 1ST,"DALLAS-FORT WORTH-ARLINGTON, TX",Dallas,"IRVING, TX","7301 SUMMITVIEW DR, IRVING, TX 75063",7301 SUMMITVIEW DR,7301,NULL,SUMMITVIEW,IRVING,TX,75063,3368,32.906637,-96.980016,0,0,0,0,0,0,0,0,0,0,0,0,0,0,0,0,0,0,0,0,0,0,0,0,0,0,1,0,0,0,0,0,0,0,0,23435
4/7/2000,12/6/2021,3/1/2020,B-000796,240040,41188101,Residential building,Accessory buildings,Arbor gm/le,NULL,expired,NULL,NULL,4yEk12,Premier Pools,b32f0c9fdf961d3905b353f840717a4a,Rilk James,2e84483916f59ae81d712acb83a936b9,KINWEST SEC 20 RES PH 1 1ST INST BLK A LOT 47 INT202100234645 DD07262021 CO-DC 2510000A04700 2CI2510000A,SINGLE FAMILY RESIDENCE,Residential,SINGLE FAMILY RESIDENCE,1,STANDARD US,KINWEST SEC RES PH 1ST,"DALLAS-FORT WORTH-ARLINGTON, TX",Dallas,"IRVING, TX","7301 SUMMITVIEW DR, IRVING, TX 75063",7301 SUMMITVIEW DR,7301,NULL,SUMMITVIEW,IRVING,TX,75063,3368,32.906637,-96.980016,0,0,0,0,0,0,0,0,0,0,0,0,0,0,0,0,0,0,0,0,0,0,0,0,0,0,0,1,0,0,0,0,0,0,0,23438
3/13/2000,12/6/2021,3/1/2020,B-000537,240041,41188101,Residential building,Swim pool (in grd),Install inground grinite pool mj/eg,NULL,expired,NULL,NULL,4yEk12,Premier Pools,b32f0c9fdf961d3905b353f840717a4a,Rick James,7ec0c1e0f894edfbb71f008c3b10b674,KINWEST SEC 20 RES PH 1 1ST INST BLK A LOT 47 INT202100234645 DD07262021 CO-DC 2510000A04700 2CI2510000A,SINGLE FAMILY RESIDENCE,Residential,SINGLE FAMILY RESIDENCE,1,STANDARD US,KINWEST SEC RES PH 1ST,"DALLAS-FORT WORTH-ARLINGTON, TX",Dallas,"IRVING, TX","7301 SUMMITVIEW DR, IRVING, TX 75063",7301 SUMMITVIEW DR,7301,NULL,SUMMITVIEW,IRVING,TX,75063,3368,32.906637,-96.980016,0,0,0,0,0,0,0,0,0,0,0,0,0,0,0,0,0,0,0,0,0,0,0,0,0,0,1,1,0,0,0,0,0,0,0,23439
5/26/2000,6/7/2024,3/1/2020,M-000486,240942,26842209,Mechanical,Single family dwelling,Changing air conditioning to 4 ton cv,NULL,expired,1400,35,wbLWx5,Aqua Power Elec Inc,442a1b7eef670ff22c906fcbde1cbc67,Horrigan,7a26b24259ce5153fef67aeed9e86be0,KENSINGTON ESTATES BLK C LOT 11 VOL96056/1506 DD031596 CO-DALLAS 2458000301100 13224580003,SINGLE FAMILY RESIDENCE,Residential,SINGLE FAMILY RESIDENCE,1,STANDARD US,KENSINGTON ESTATES,"DALLAS-FORT WORTH-ARLINGTON, TX",Dallas,"IRVING, TX","505 SUNSTONE DR, IRVING, TX 75060",505 SUNSTONE DR,505,NULL,SUNSTONE,IRVING,TX,75060,6777,32.792633,-96.951053,0,0,0,0,0,0,0,0,0,0,0,0,0,0,0,1,0,0,1,0,0,0,0,0,0,0,0,1,0,0,0,0,0,0,0,23573
10/6/2000,7/10/2021,3/1/2020,E-001859,241117,151296084,Electrical,Single family dwelling,Adding bathroom to house gmle,NULL,expired,NULL,NULL,NULL,Rigoberto Angulo,450ca3e1299c9feb3e31700653f8656d,Angulo,401b4b1fa050df8e00ee9a9f365a38b6,NORTHWEST PARK 1ST INST BLK 2 LOT 30 INT201600250854 DD09072016 CO-DC 3535000203000 2CI35350002,SINGLE FAMILY RESIDENCE,Residential,SINGLE FAMILY RESIDENCE,1,STANDARD US,NORTHWEST PARK 1ST,"DALLAS-FORT WORTH-ARLINGTON, TX",Dallas,"IRVING, TX","3805 YELLOWSTONE ST, IRVING, TX 75062",3805 YELLOWSTONE ST,3805,NULL,YELLOWSTONE,IRVING,TX,75062,7245,32.840129,-97.002057,0,1,0,0,0,0,0,0,1,0,0,0,0,0,0,0,0,0,0,0,0,1,0,0,0,0,0,1,0,0,0,0,0,0,0,23620
10/6/2000,7/10/2021,3/1/2020,BP-1000-0037,241119,151296084,Parent,NULL,Adding bathroom to house gmle,NULL,NONE,6490,120,NULL,Rigoberto Angulo,450ca3e1299c9feb3e31700653f8656d,Angulo,401b4b1fa050df8e00ee9a9f365a38b6,NORTHWEST PARK 1ST INST BLK 2 LOT 30 INT201600250854 DD09072016 CO-DC 3535000203000 2CI35350002,SINGLE FAMILY RESIDENCE,Residential,SINGLE FAMILY RESIDENCE,1,STANDARD US,NORTHWEST PARK 1ST,"DALLAS-FORT WORTH-ARLINGTON, TX",Dallas,"IRVING, TX","3805 YELLOWSTONE ST, IRVING, TX 75062",3805 YELLOWSTONE ST,3805,NULL,YELLOWSTONE,IRVING,TX,75062,7245,32.840129,-97.002057,0,1,0,0,0,0,0,0,0,0,0,0,0,0,0,0,0,0,0,0,0,0,0,0,0,0,0,1,0,0,0,0,0,0,0,23621
10/6/2000,7/10/2021,3/1/2020,B-002289,241122,151296084,Residential building,Single family dwelling,Adding bathroom to house gmle,NULL,expired,NULL,NULL,NULL,Rigoberto Angulo,450ca3e1299c9feb3e31700653f8656d,Angulo,401b4b1fa050df8e00ee9a9f365a38b6,NORTHWEST PARK 1ST INST BLK 2 LOT 30 INT201600250854 DD09072016 CO-DC 3535000203000 2CI35350002,SINGLE FAMILY RESIDENCE,Residential,SINGLE FAMILY RESIDENCE,1,STANDARD US,NORTHWEST PARK 1ST,"DALLAS-FORT WORTH-ARLINGTON, TX",Dallas,"IRVING, TX","3805 YELLOWSTONE ST, IRVING, TX 75062",3805 YELLOWSTONE ST,3805,NULL,YELLOWSTONE,IRVING,TX,75062,7245,32.840129,-97.002057,0,1,0,0,0,0,0,0,0,0,0,0,0,0,0,0,0,0,0,0,0,1,0,0,0,0,0,1,0,0,0,0,0,0,0,23622
2/7/2000,7/4/2022,3/1/2020,M-000098,346709,47355608,Mechanical,Single family dwelling,"Replace a/c/heat and ductwork, 4 ton a/c;100, 000 btu gas heat",NULL,expired,0,35,Vw4J25,A1 AIR Conditioning,8853cd981a19f7b72a7ab2c65a994a30,Joe Strong,4d65cd388872aff494ab8a8265108493,PLYMOUTH PARK 3 BLK 13 LOT 53 INT201800229736 DD08232018 CO-DC 4065001305300 2CI40650013,SINGLE FAMILY RESIDENCE,Residential,SINGLE FAMILY RESIDENCE,1,STANDARD US,PLYMOUTH PARK,"DALLAS-FORT WORTH-ARLINGTON, TX",Dallas,"IRVING, TX","1949 STANDISH DR, IRVING, TX 75061",1949 STANDISH DR,1949,NULL,STANDISH,IRVING,TX,75061,2074,32.834489,-96.972395,0,0,0,0,0,0,0,0,0,0,0,0,0,0,0,1,0,0,1,0,0,0,0,0,0,0,0,1,0,0,0,0,0,0,0,33651
4/28/2000,6/7/2024,3/1/2020,E-902055,346711,47355608,Electrical,Single family dwelling,Remodel mj,NULL,final,NULL,NULL,NULL,Joe Strawn,45172f3e522d4c6cafaca42922ccdac5,Betty Dean,cd133270cf962d6e37e15137330be869,PLYMOUTH PARK 3 BLK 13 LOT 53 INT201800229736 DD08232018 CO-DC 4065001305300 2CI40650013,SINGLE FAMILY RESIDENCE,Residential,SINGLE FAMILY RESIDENCE,1,STANDARD US,PLYMOUTH PARK,"DALLAS-FORT WORTH-ARLINGTON, TX",Dallas,"IRVING, TX","1949 STANDISH DR, IRVING, TX 75061",1949 STANDISH DR,1949,NULL,STANDISH,IRVING,TX,75061,2074,32.834489,-96.972395,0,0,0,0,0,0,0,0,1,0,0,0,0,0,0,0,0,0,0,0,0,0,0,0,0,0,0,1,0,0,0,0,0,0,0,33652
6/9/2000,4/12/2021,3/1/2020,M-000533,347389,13379266,Mechanical,Single family dwelling,"Installing 2 1/2 ton air conditioning unit  coil , 70 bt furnace eg",NULL,expired,NULL,35,NULL,Spencer AIR Cond,d33b0eebf4c5bce6831fe7fc826e053e,Thoung,147fbb23103e095511702b4aa5551984,MEADOWS 3 1ST INST BLK G LT 5 INT20070162026 DD04262007 CO-DC 3085000700500 2CI30850007,SINGLE FAMILY RESIDENCE,Residential,SINGLE FAMILY RESIDENCE,1,STANDARD US,MEADOWS 1ST,"DALLAS-FORT WORTH-ARLINGTON, TX",Dallas,"IRVING, TX","1818 SOUTHSTONE LN, IRVING, TX 75060",1818 SOUTHSTONE LN,1818,NULL,SOUTHSTONE,IRVING,TX,75060,6533,32.791571,-96.972361,0,0,0,0,0,0,0,0,0,0,0,0,0,0,0,1,0,0,1,0,0,0,0,0,0,0,0,1,0,0,0,0,0,0,0,33935
2/14/2000,5/10/2021,3/1/2020,P-000259,347438,3527013,plumbing,Gas,Rerun gas to cook top cv,NULL,final,NULL,35,XA410q,Pottsy Plumbing,0e170a55f7ca66b418db2a9bdbe7b602,NULL,NULL,SOUTHRIDGE PH 1 BLK B LT 11 VOL2003116/3569 DD02052003 CO-DC 4993000B01100 1324993000B,SINGLE FAMILY RESIDENCE,Residential,SINGLE FAMILY RESIDENCE,1,STANDARD US,SOUTHRIDGE,"DALLAS-FORT WORTH-ARLINGTON, TX",Dallas,"IRVING, TX","522 SOUTHRIDGE WAY, IRVING, TX 75063",522 SOUTHRIDGE WAY,522,NULL,SOUTHRIDGE,IRVING,TX,75063,4200,32.921901,-96.953731,0,0,0,0,0,0,0,0,0,0,0,0,0,0,0,0,0,0,0,0,0,0,0,0,1,0,0,0,0,0,0,0,0,0,0,33961
5/25/2000,12/6/2021,3/1/2020,BP-0500-0085,348308,4243022,Parent,NULL,New pool jfh/le,NULL,NONE,18013,NULL,5w1kGO,Challenger Pools,f770de9f5ea328434883c8f3a83873d2,Linda Taylor,31da7022734297e820f33ae9d9684d9f,C C COUNTRY PH 1 BLK F LOT 17 VOL2000026/4417 DD01262000 CO-DCS 0630000601700 13206300006,SINGLE FAMILY RESIDENCE,Residential,SINGLE FAMILY RESIDENCE,1,STANDARD US,C C COUNTRY,"DALLAS-FORT WORTH-ARLINGTON, TX",Dallas,"IRVING, TX","1515 SKYVIEW DR, IRVING, TX 75060",1515 SKYVIEW DR,1515,NULL,SKYVIEW,IRVING,TX,75060,4709,32.798341,-96.985705,0,0,0,0,0,0,0,0,0,0,0,0,0,0,0,0,0,0,0,0,0,0,0,0,0,0,1,0,0,0,0,0,0,0,0,34299
7/18/2000,7/28/2023,3/1/2020,B-802394,466089,36382752,Residential building,Single family dwelling,Remodel rebuild a hole in the room to original jfh/c,NULL,final,NULL,NULL,NULL,Rono Benitez,3f7e18619d7fddb997fd850f037b3928,Robert Smith,214539c117f937a64cc0537ee9ab6cf0,NULL,NULL,Other or unknown,NULL,NULL,NULL,NULL,NULL,NULL,NULL,NULL,NULL,NULL,NULL,NULL,NULL,NULL,NULL,NULL,NULL,NULL,0,0,0,0,0,0,0,0,0,0,0,0,0,0,0,0,0,0,0,0,0,0,0,0,0,0,0,0,0,0,0,0,0,0,0,48358
5/25/2000,12/6/2021,3/1/2020,B-001211,348311,4243022,Residential building,Swim pool (in grd),New pool jfh/le,NULL,expired,NULL,NULL,5w1kGO,Challenger Pools,f770de9f5ea328434883c8f3a83873d2,Linda Taylor,31da7022734297e820f33ae9d9684d9f,C C COUNTRY PH 1 BLK F LOT 17 VOL2000026/4417 DD01262000 CO-DCS 0630000601700 13206300006,SINGLE FAMILY RESIDENCE,Residential,SINGLE FAMILY RESIDENCE,1,STANDARD US,C C COUNTRY,"DALLAS-FORT WORTH-ARLINGTON, TX",Dallas,"IRVING, TX","1515 SKYVIEW DR, IRVING, TX 75060",1515 SKYVIEW DR,1515,NULL,SKYVIEW,IRVING,TX,75060,4709,32.798341,-96.985705,0,0,0,0,0,0,0,0,0,0,0,0,0,0,0,0,0,0,0,0,0,0,0,0,0,0,1,1,0,0,0,0,0,0,0,34300
8/3/2000,6/7/2024,3/1/2020,P-000709,349085,36502876,plumbing,Swimming pool/spa,Inground pool. Ch,NULL,final,NULL,NULL,bqk9w9,Water Works Plumbing,cd0da7ac2216bb87af6931a4d66e28eb,Kumpe,17e52ab131ce7567d91d104ed3c6b643,HACKBERRY CREEK ESTATES PH 5 BLK A LOT 2 INT201400172705 DD07092014 CO-DC 1608400A00200 2CI1608400A,SINGLE FAMILY RESIDENCE,Residential,SINGLE FAMILY RESIDENCE,1,STANDARD US,HACKBERRY CREEK ESTATES,"DALLAS-FORT WORTH-ARLINGTON, TX",Dallas,"IRVING, TX","200 SHUMARD CT, IRVING, TX 75063",200 SHUMARD CT,200,NULL,SHUMARD,IRVING,TX,75063,8473,32.913527,-96.965985,0,0,0,0,0,0,0,0,0,0,0,0,0,0,0,0,0,0,0,0,0,0,0,0,1,0,1,0,0,0,0,0,0,0,0,34536
7/17/2000,10/2/2023,3/1/2020,E-000806,349087,36502876,Electrical,Swimming pool/spa,Inground pool. Ch,NULL,final,NULL,NULL,Eg4y6A,Positive Electric,a5b56d60eb4f2e1bba3ebdb7b5c6f623,Kumpe,17e52ab131ce7567d91d104ed3c6b643,HACKBERRY CREEK ESTATES PH 5 BLK A LOT 2 INT201400172705 DD07092014 CO-DC 1608400A00200 2CI1608400A,SINGLE FAMILY RESIDENCE,Residential,SINGLE FAMILY RESIDENCE,1,STANDARD US,HACKBERRY CREEK ESTATES,"DALLAS-FORT WORTH-ARLINGTON, TX",Dallas,"IRVING, TX","200 SHUMARD CT, IRVING, TX 75063",200 SHUMARD CT,200,NULL,SHUMARD,IRVING,TX,75063,8473,32.913527,-96.965985,0,0,0,0,0,0,0,0,1,0,0,0,0,0,0,0,0,0,0,0,0,0,0,0,0,0,1,0,0,0,0,0,0,0,0,34537
4/26/2000,4/12/2021,3/1/2020,BP-0400-0111,349089,36502876,Parent,NULL,Inground pool. Ch,NULL,NONE,23000,NULL,o3pkg6,Hobert Pools,850a9d6f47f714107ea48687e0dd7392,Kumpe,17e52ab131ce7567d91d104ed3c6b643,HACKBERRY CREEK ESTATES PH 5 BLK A LOT 2 INT201400172705 DD07092014 CO-DC 1608400A00200 2CI1608400A,SINGLE FAMILY RESIDENCE,Residential,SINGLE FAMILY RESIDENCE,1,STANDARD US,HACKBERRY CREEK ESTATES,"DALLAS-FORT WORTH-ARLINGTON, TX",Dallas,"IRVING, TX","200 SHUMARD CT, IRVING, TX 75063",200 SHUMARD CT,200,NULL,SHUMARD,IRVING,TX,75063,8473,32.913527,-96.965985,0,0,0,0,0,0,0,0,0,0,0,0,0,0,0,0,0,0,0,0,0,0,0,0,0,0,1,0,0,0,0,0,0,0,0,34538
1/18/2000,10/2/2023,3/1/2020,M-000031,349625,2314881,Mechanical,Single family dwelling,"Install 90, 000 btu 3 1/2 ton coil le",NULL,expired,NULL,35,NULL,Spencer AIR Cond,d33b0eebf4c5bce6831fe7fc826e053e,Richardson,ffc2986ffaf10d2bac103156a2a06989,SOUTHWOOD ESTATES BLKA LOT22 VOL2005095/3684 DD05102005 CO-DC 5015000102200 2CI50150001,SINGLE FAMILY RESIDENCE,Residential,SINGLE FAMILY RESIDENCE,1,STANDARD US,SOUTHWOOD ESTATES,"DALLAS-FORT WORTH-ARLINGTON, TX",Dallas,"IRVING, TX","3204 SHERE CIR, IRVING, TX 75060",3204 SHERE CIR,3204,NULL,SHERE,IRVING,TX,75060,4846,32.805445,-96.989663,0,0,0,0,0,0,0,0,0,0,0,0,0,0,0,1,0,0,1,0,0,0,0,0,0,0,0,1,0,0,0,0,0,0,0,34706
6/19/2000,6/7/2024,3/1/2020,P-000960,349964,15393229,plumbing,Swimming pool/spa,Const on agunite pool and spa mj/eg,NULL,final,NULL,NULL,bqk9w9,Water Works Plumbing,cd0da7ac2216bb87af6931a4d66e28eb,Boone,9f3ca3db2e5c7c503d93e3fc6e891969,SHADOWS REV BLK A LOT 5 400 SHADOW RIDGE INT201500040747 DD02112015 CO-DC 4780100A00500 2CI4780100A,SINGLE FAMILY RESIDENCE,Residential,SINGLE FAMILY RESIDENCE,1,STANDARD US,SHADOWS REV,"DALLAS-FORT WORTH-ARLINGTON, TX",Dallas,"IRVING, TX","400 SHADOW RDG, IRVING, TX 75061",400 SHADOW RDG,400,NULL,SHADOW,IRVING,TX,75061,9187,32.826312,-97.00652,0,0,0,0,0,0,0,0,0,0,0,0,0,0,0,0,0,0,0,0,0,0,0,0,1,0,1,0,0,0,0,0,0,0,0,34799
5/22/2000,6/7/2024,3/1/2020,E-000950,349965,15393229,Electrical,Swimming pool/spa,Const on agunite pool and spa mj/eg,NULL,expired,NULL,NULL,ZvWlPn,Aquatech,318450a04661827ab5407c7a63912d8f,Boone,9f3ca3db2e5c7c503d93e3fc6e891969,SHADOWS REV BLK A LOT 5 400 SHADOW RIDGE INT201500040747 DD02112015 CO-DC 4780100A00500 2CI4780100A,SINGLE FAMILY RESIDENCE,Residential,SINGLE FAMILY RESIDENCE,1,STANDARD US,SHADOWS REV,"DALLAS-FORT WORTH-ARLINGTON, TX",Dallas,"IRVING, TX","400 SHADOW RDG, IRVING, TX 75061",400 SHADOW RDG,400,NULL,SHADOW,IRVING,TX,75061,9187,32.826312,-97.00652,0,0,0,0,0,0,0,0,1,0,0,0,0,0,0,0,0,0,0,0,0,0,0,0,0,0,1,0,0,0,0,0,0,0,0,34800
4/7/2000,12/6/2021,3/1/2020,BP-0400-0024,349968,15393229,Parent,NULL,Const on agunite pool and spa mj/eg,NULL,NONE,24500,50,n9l92P,Robertson Pools,f7435961378b952ce7ef84c8f98106f4,Boone,9f3ca3db2e5c7c503d93e3fc6e891969,SHADOWS REV BLK A LOT 5 400 SHADOW RIDGE INT201500040747 DD02112015 CO-DC 4780100A00500 2CI4780100A,SINGLE FAMILY RESIDENCE,Residential,SINGLE FAMILY RESIDENCE,1,STANDARD US,SHADOWS REV,"DALLAS-FORT WORTH-ARLINGTON, TX",Dallas,"IRVING, TX","400 SHADOW RDG, IRVING, TX 75061",400 SHADOW RDG,400,NULL,SHADOW,IRVING,TX,75061,9187,32.826312,-97.00652,0,0,0,0,0,0,0,0,0,0,0,0,0,0,0,0,0,0,0,0,0,0,0,0,0,0,1,0,0,0,0,0,0,0,0,34801
4/7/2000,12/6/2021,3/1/2020,B-000783,349970,15393229,Residential building,Swim pool (in grd),Const on agunite pool and spa mj/eg,NULL,expired,NULL,NULL,n9l92P,Robertson Pools,f7435961378b952ce7ef84c8f98106f4,Boone,9f3ca3db2e5c7c503d93e3fc6e891969,SHADOWS REV BLK A LOT 5 400 SHADOW RIDGE INT201500040747 DD02112015 CO-DC 4780100A00500 2CI4780100A,SINGLE FAMILY RESIDENCE,Residential,SINGLE FAMILY RESIDENCE,1,STANDARD US,SHADOWS REV,"DALLAS-FORT WORTH-ARLINGTON, TX",Dallas,"IRVING, TX","400 SHADOW RDG, IRVING, TX 75061",400 SHADOW RDG,400,NULL,SHADOW,IRVING,TX,75061,9187,32.826312,-97.00652,0,0,0,0,0,0,0,0,0,0,0,0,0,0,0,0,0,0,0,0,0,0,0,0,0,0,1,1,0,0,0,0,0,0,0,34802
10/19/2000,11/22/2021,3/1/2020,BP-1000-0092,356060,4932201,Parent,NULL,Fire repair w/electrical. (2-trade permit). Ch,NULL,NONE,45000,70,98zvp8,Seco Construction,a3d21dcffb3ba99227202ca5665783c5,"Kimberlin, Glen & Debi",a468cbd48b67cf928c711993a40596bf,GARDEN ISLES 1ST INST LOT 9 BLK A VOL84232 PG2383 CO-DALLAS 5106940100900 13213480050,SINGLE FAMILY RESIDENCE,Residential,SINGLE FAMILY RESIDENCE,1,STANDARD US,GARDEN ISLES 1ST,"DALLAS-FORT WORTH-ARLINGTON, TX",Dallas,"IRVING, TX","1101 SEA ISLE DR, IRVING, TX 75060",1101 SEA ISLE DR,1101,NULL,SEA ISLE,IRVING,TX,75060,7711,32.789627,-96.959947,0,0,0,0,0,0,0,0,1,0,0,0,0,0,0,0,0,0,0,0,0,0,0,0,0,0,0,0,0,0,0,0,0,0,0,35640
10/14/2000,6/5/2023,3/1/2020,000 000 RS01 00,7786147,9880667,Building permit,Fence (residential),NULL,NULL,issued,150,NULL,NULL,T Bar Fence,c0afa0bfdaa1cb0756d8e9a2df81f1b4,First Texas Homes Inc,6ce627d2451a0fcddf8906409297e3c0,WESTCHESTER MEADOW PH 1A BLK 10 LT 12 ACS 0.1587 INT200600369236 DD09262006 CO-DC 2431501001200 4CP24315010,SINGLE FAMILY RESIDENCE,Residential,SINGLE FAMILY RESIDENCE,1,STANDARD US,WESTCHESTER MEADOW PH 1A,"DALLAS-FORT WORTH-ARLINGTON, TX",Dallas,"GRAND PRAIRIE, TX","112 MARY PAT DR, GRAND PRAIRIE, TX 75052",112 MARY PAT DR,112,NULL,MARY PAT,GRAND PRAIRIE,TX,75052,4813,32.667133,-97.006857,0,0,0,0,0,0,0,0,0,0,0,0,0,0,0,0,0,0,0,0,0,0,0,0,0,0,0,0,0,0,0,0,0,0,0,306885
10/31/2000,7/28/2023,3/1/2020,2000-017660 MP,33211863,167075867,Mechanical permit - remodel,C-1000 commercial remodel,Mechanical permit - remodel - change of use from tattoo parlor to bar for whiskey bar - c-1000 commercial remodel,303 W 5th St,final,NULL,70,NULL,James Slaughter; Phillip Miller,061d5042879db84f478c9e3fd6bfd45c,NULL,NULL,NULL,NULL,Other or unknown,NULL,NULL,NULL,NULL,NULL,NULL,NULL,NULL,NULL,NULL,NULL,NULL,NULL,NULL,NULL,NULL,NULL,NULL,0,0,0,0,0,0,0,0,0,0,0,0,0,0,0,0,0,0,0,0,0,0,0,0,0,0,0,0,0,0,0,0,0,0,0,1478682
10/26/2000,11/22/2021,3/1/2020,B-002379,356063,4932201,Residential building,Single family dwelling,Fire repair w/electrical. (2-trade permit). Ch,NULL,expired,NULL,NULL,98zvp8,Seco Construction,a3d21dcffb3ba99227202ca5665783c5,"Kimberlin, Glen & Debi",a468cbd48b67cf928c711993a40596bf,GARDEN ISLES 1ST INST LOT 9 BLK A VOL84232 PG2383 CO-DALLAS 5106940100900 13213480050,SINGLE FAMILY RESIDENCE,Residential,SINGLE FAMILY RESIDENCE,1,STANDARD US,GARDEN ISLES 1ST,"DALLAS-FORT WORTH-ARLINGTON, TX",Dallas,"IRVING, TX","1101 SEA ISLE DR, IRVING, TX 75060",1101 SEA ISLE DR,1101,NULL,SEA ISLE,IRVING,TX,75060,7711,32.789627,-96.959947,0,0,0,0,0,0,0,0,1,0,0,0,0,0,0,0,0,0,0,0,0,0,0,0,0,0,0,1,0,0,0,0,0,0,0,35641
4/26/2000,12/6/2021,3/1/2020,M-000393,462224,166995662,Mechanical,Single family dwelling,Replace 3 ton outdoor air conditioning unit cv,NULL,expired,NULL,35,NULL,Spencer AIR Cond,d33b0eebf4c5bce6831fe7fc826e053e,Akacali,865de33b8b120671f03509e286ff7914,GREEN HILLS NORTH 2 BLK G LOT 2 VOL92162/6086 EX081092 CO-DALLAS 1515000700200 13215150007,SINGLE FAMILY RESIDENCE,Residential,SINGLE FAMILY RESIDENCE,1,STANDARD US,GREEN HILLS NORTH,"DALLAS-FORT WORTH-ARLINGTON, TX",Dallas,"IRVING, TX","120 SANTA CLARA ST, IRVING, TX 75062",120 SANTA CLARA ST,120,NULL,SANTA CLARA,IRVING,TX,75062,4582,32.847289,-96.943062,0,0,0,0,0,0,0,0,0,0,0,0,0,0,0,1,0,0,1,0,0,0,0,0,0,0,0,1,0,0,0,0,0,0,0,46639
9/11/2000,6/7/2024,3/1/2020,P-001422,463437,7617816,plumbing,Swimming pool/spa,Pool ch/bj,NULL,issued,NULL,NULL,bqk9w9,Water Works Plumbing,cd0da7ac2216bb87af6931a4d66e28eb,Vith,c800b82b9f1ee2796ff80cf11f886efb,UNIVERSITY HILLS 2 BLK 5 LOT 7 INT201900195794 DD07262019 CO-DC 5535000500700 2CI55350005,SINGLE FAMILY RESIDENCE,Residential,SINGLE FAMILY RESIDENCE,1,STANDARD US,UNIVERSITY HILLS,"DALLAS-FORT WORTH-ARLINGTON, TX",Dallas,"IRVING, TX","417 SAN JOSE ST, IRVING, TX 75062",417 SAN JOSE ST,417,NULL,SAN JOSE,IRVING,TX,75062,4634,32.846801,-96.939147,0,0,0,0,0,0,0,0,0,0,0,0,0,0,0,0,0,0,0,0,0,0,0,0,1,0,1,0,0,0,0,0,0,0,0,47338
8/10/2000,7/25/2022,3/1/2020,BP-0800-0058,463440,7617816,Parent,NULL,Pool ch/bj,NULL,NONE,30000,NULL,n9l92P,Robertson Pools,f7435961378b952ce7ef84c8f98106f4,Vith,c800b82b9f1ee2796ff80cf11f886efb,UNIVERSITY HILLS 2 BLK 5 LOT 7 INT201900195794 DD07262019 CO-DC 5535000500700 2CI55350005,SINGLE FAMILY RESIDENCE,Residential,SINGLE FAMILY RESIDENCE,1,STANDARD US,UNIVERSITY HILLS,"DALLAS-FORT WORTH-ARLINGTON, TX",Dallas,"IRVING, TX","417 SAN JOSE ST, IRVING, TX 75062",417 SAN JOSE ST,417,NULL,SAN JOSE,IRVING,TX,75062,4634,32.846801,-96.939147,0,0,0,0,0,0,0,0,0,0,0,0,0,0,0,0,0,0,0,0,0,0,0,0,0,0,1,0,0,0,0,0,0,0,0,47340
8/10/2000,7/25/2022,3/1/2020,B-001800,463441,7617816,Residential building,Swim pool (in grd),Pool ch/bj,NULL,issued,NULL,NULL,n9l92P,Robertson Pools,f7435961378b952ce7ef84c8f98106f4,Vith,c800b82b9f1ee2796ff80cf11f886efb,UNIVERSITY HILLS 2 BLK 5 LOT 7 INT201900195794 DD07262019 CO-DC 5535000500700 2CI55350005,SINGLE FAMILY RESIDENCE,Residential,SINGLE FAMILY RESIDENCE,1,STANDARD US,UNIVERSITY HILLS,"DALLAS-FORT WORTH-ARLINGTON, TX",Dallas,"IRVING, TX","417 SAN JOSE ST, IRVING, TX 75062",417 SAN JOSE ST,417,NULL,SAN JOSE,IRVING,TX,75062,4634,32.846801,-96.939147,0,0,0,0,0,0,0,0,0,0,0,0,0,0,0,0,0,0,0,0,0,0,0,0,0,0,1,1,0,0,0,0,0,0,0,47341
2/10/2000,12/6/2021,3/1/2020,P-000231,463447,2232050,Plumbing,Water heater,Water heater bj,NULL,expired,0,35,o5OnW8,D AND D PLUMBING,233a61f68e46a81e8397707f1d9b889d,RON FARR,c314062439857dfc3339f1fc40540526,UNIVERSITY HILLS 2 BLK 5 LOT 8 VOL2004137/00875 DD06282004 CO-DC 5535000500800 2CI55350005,SINGLE FAMILY RESIDENCE,Residential,SINGLE FAMILY RESIDENCE,1,STANDARD US,UNIVERSITY HILLS,"DALLAS-FORT WORTH-ARLINGTON, TX",Dallas,"IRVING, TX","413 SAN JOSE ST, IRVING, TX 75062",413 SAN JOSE ST,413,NULL,SAN JOSE,IRVING,TX,75062,4634,32.846617,-96.939367,0,0,0,0,0,0,0,0,0,0,0,0,0,0,0,0,0,0,0,0,0,0,0,0,1,0,0,0,0,0,0,0,0,0,0,47344
12/7/2000,6/7/2024,3/1/2020,M-001198,464704,36518363,Mechanical,Single family dwelling,"70, 000 btu installed le",NULL,expired,NULL,35,NULL,Spencer AIR Cond,d33b0eebf4c5bce6831fe7fc826e053e,Williams,d840538de0ba0c58268e54a9a49f29ab,PLYMOUTH PARK 5 BLK 6 LOT 9 VOL2004223/02107 DD11162004 CO-DC 4085000600900 2CI40850006,SINGLE FAMILY RESIDENCE,Residential,SINGLE FAMILY RESIDENCE,1,STANDARD US,PLYMOUTH PARK,"DALLAS-FORT WORTH-ARLINGTON, TX",Dallas,"IRVING, TX","2015 SALEM ST, IRVING, TX 75061",2015 SALEM ST,2015,NULL,SALEM,IRVING,TX,75061,1828,32.834963,-96.98047,0,0,0,0,0,0,0,0,0,0,0,0,0,0,0,1,0,0,1,0,0,0,0,0,0,0,0,1,0,0,0,0,0,0,0,47987
4/26/2000,12/6/2021,3/1/2020,E-000809,464715,8233506,Electrical,Single family dwelling,Upgrade service 200 amp le,NULL,expired,0,35,JBkdzG,C AND B ELECTRIC CO; C&B Electric CO,3c0d23d269faf73c0c1118cad8b9d229,CUMMINS,eb18d8998cf5e0ebb0a64dd363cfd699,PLYMOUTH PARK 5 BLK 13 LOT 24 INT201400224946 DD08262014 CO-DC 4085001302400 2CI40850013,SINGLE FAMILY RESIDENCE,Residential,SINGLE FAMILY RESIDENCE,1,STANDARD US,PLYMOUTH PARK,"DALLAS-FORT WORTH-ARLINGTON, TX",Dallas,"IRVING, TX","1915 SALEM ST, IRVING, TX 75061",1915 SALEM ST,1915,NULL,SALEM,IRVING,TX,75061,1826,32.834139,-96.98173,0,0,0,0,0,0,0,0,1,0,0,0,0,0,0,0,0,0,0,0,0,1,0,0,0,0,0,1,0,0,0,0,0,0,0,47989
10/11/2000,7/10/2021,3/1/2020,E-001894,465172,47520682,Electrical,Swimming pool/spa,Inground gunite swimming pool mj/eg,NULL,expired,NULL,NULL,bVyOvx,California Design,4f20564224071954c1cb1c473b775fc1,John Hirth,c8f1a6edeb199d36e8f9d96dd4d8839c,VALLEY RANCH 5 11TH SILVERTON VLG BLK B LT 10 PARTIAL REV VOL2000062/3459 DD03242000 CO-DC 5596900B01000 1325596900B,SINGLE FAMILY RESIDENCE,Residential,SINGLE FAMILY RESIDENCE,1,STANDARD US,VALLEY RANCH 11TH SILVERTON VLG,"DALLAS-FORT WORTH-ARLINGTON, TX",Dallas,"IRVING, TX","9003 SADDLEHORN DR, IRVING, TX 75063",9003 SADDLEHORN DR,9003,NULL,SADDLEHORN,IRVING,TX,75063,4570,32.930683,-96.949173,0,0,0,0,0,0,0,0,1,0,0,0,0,0,0,0,0,0,0,0,0,0,0,0,0,0,1,0,0,0,0,0,0,0,0,48102
7/20/2000,7/10/2021,3/1/2020,B-001643,465174,47520682,Residential building,Swim pool (in grd),Inground gunite swimming pool mj/eg,NULL,expired,NULL,NULL,bVyOvx,California Design,4f20564224071954c1cb1c473b775fc1,John Hirth,c8f1a6edeb199d36e8f9d96dd4d8839c,VALLEY RANCH 5 11TH SILVERTON VLG BLK B LT 10 PARTIAL REV VOL2000062/3459 DD03242000 CO-DC 5596900B01000 1325596900B,SINGLE FAMILY RESIDENCE,Residential,SINGLE FAMILY RESIDENCE,1,STANDARD US,VALLEY RANCH 11TH SILVERTON VLG,"DALLAS-FORT WORTH-ARLINGTON, TX",Dallas,"IRVING, TX","9003 SADDLEHORN DR, IRVING, TX 75063",9003 SADDLEHORN DR,9003,NULL,SADDLEHORN,IRVING,TX,75063,4570,32.930683,-96.949173,0,0,0,0,0,0,0,0,0,0,0,0,0,0,0,0,0,0,0,0,0,0,0,0,0,0,1,1,0,0,0,0,0,0,0,48103
6/5/2000,10/2/2023,3/1/2020,BP-0600-0013,566966,165277919,Parent,NULL,Repairing home mj/eg,NULL,NONE,35000,80,NULL,John Huffman - Self,0ef0afef8dd9000f88e031b4d336e66c,Sue Haley Huffman,783dc1b40713589b9ceeb0bd6b048f75,BROWNS 1ST LOT 7 BL 4 ORIG TOWN IRVING SHT 6 VOL99244/2866 DD121599 CO-DALLAS 0385000400700 13203850004,SINGLE FAMILY RESIDENCE,Residential,SINGLE FAMILY RESIDENCE,1,STANDARD US,BROWNS 1ST,"DALLAS-FORT WORTH-ARLINGTON, TX",Dallas,"IRVING, TX","321 S MAIN ST, IRVING, TX 75060",321 S MAIN ST,321,NULL,MAIN,IRVING,TX,75060,2902,32.810983,-96.946543,0,0,0,0,0,0,0,0,0,0,0,0,0,0,0,0,0,0,0,0,0,0,0,0,0,0,0,1,0,0,0,0,0,0,0,53789
6/5/2000,12/6/2021,3/1/2020,B-001266,566967,165277919,Residential building,Single family dwelling,Repairing home mj/eg,NULL,expired,0,0,PG670P,John Huffman,56cad90c45da35e6a3c95c8a8299d3b4,Sue Haley Huffman,783dc1b40713589b9ceeb0bd6b048f75,BROWNS 1ST LOT 7 BL 4 ORIG TOWN IRVING SHT 6 VOL99244/2866 DD121599 CO-DALLAS 0385000400700 13203850004,SINGLE FAMILY RESIDENCE,Residential,SINGLE FAMILY RESIDENCE,1,STANDARD US,BROWNS 1ST,"DALLAS-FORT WORTH-ARLINGTON, TX",Dallas,"IRVING, TX","321 S MAIN ST, IRVING, TX 75060",321 S MAIN ST,321,NULL,MAIN,IRVING,TX,75060,2902,32.810983,-96.946543,0,0,0,0,0,0,0,0,0,0,0,0,0,0,0,0,0,0,0,0,0,0,0,0,0,0,0,1,0,0,0,0,0,0,0,53790
8/24/2000,7/28/2023,3/1/2020,E-001589,680222,28593049,Electrical,Apartment,Install smoke detectors in bedrooms bj,NULL,expired,NULL,35,NULL,Cathey Service INC,ee9784a38249ed02d1cddee95ca15789,Twin Wells Apts,1efbd4756c194bfa93a49dba51379076,NULL,NULL,Other or unknown,NULL,NULL,NULL,NULL,NULL,NULL,NULL,NULL,NULL,NULL,NULL,NULL,NULL,NULL,NULL,NULL,NULL,NULL,0,0,0,0,0,0,0,0,0,0,0,0,0,0,0,0,0,0,0,0,0,0,0,0,0,0,0,0,0,0,0,0,0,0,0,60003
10/25/2000,6/7/2024,3/1/2020,M-001047,566996,167532019,Mechanical,Office/warehouse,Install one ton HVAC system le,NULL,expired,0,35,KNdZD6,H AND G SYSTEMS INC; H&G Systems INC,45cb2fc0191db856865d5e5eb88795b3,VERIZON SOUTHWEST,fee60e0e0446f9c1e3cafe108bd86b0a,ORIG TOWN IRVING BLK 16 LT 3R ACS 0.380 CO-DC 0005001603R00 13200050016,INDUSTRIAL (GENERAL),Industrial,INDUSTRIAL,1,STANDARD US,ORIG TOWN IRVING,"DALLAS-FORT WORTH-ARLINGTON, TX",Dallas,"IRVING, TX","210 S MAIN ST, IRVING, TX 75060",210 S MAIN ST,210,NULL,MAIN,IRVING,TX,75060,2929,32.812409,-96.94578,0,0,1,1,0,0,0,0,0,0,0,0,0,0,0,1,0,0,1,0,0,0,0,0,0,0,0,0,0,0,0,0,0,0,0,53797
3/6/2000,5/2/2022,3/1/2020,P-000370,567620,166790938,plumbing,Water heater,Replace water heater cv,NULL,expired,NULL,35,NDZ7rr,RON Brackett,9dfb2922ac9645782cb337199a25df02,Schultz,6639aec23960073fcfde1136ec1dd801,S P MONTGOMERY ABST 889 PG 435 ACS 0.65 108.75X259.1 INT202200111504 DD05212018 CO-DC 0889435100200 2CI08894351,SINGLE FAMILY RESIDENCE,Residential,SINGLE FAMILY RESIDENCE,1,STANDARD US,S P MONTGOMERY ABST 889,"DALLAS-FORT WORTH-ARLINGTON, TX",Dallas,"IRVING, TX","204 S IRVING HEIGHTS DR, IRVING, TX 75060",204 S IRVING HEIGHTS DR,204,NULL,IRVING HEIGHTS,IRVING,TX,75060,3258,32.813219,-96.925131,0,0,0,0,0,0,0,0,0,0,0,0,0,0,0,0,0,0,0,0,0,0,0,0,1,0,0,0,0,0,0,0,0,0,0,54024
1/7/2000,5/2/2022,3/1/2020,BP-0100-0017,567772,50813951,Parent,NULL,Building garage mj/eg,NULL,NONE,7000,NULL,7PpnBo,Alfredo Garcia,287306d368f2dcb25c521dbe10216dc4,"Hernandez, Francisco",ddf2a17153e73a2a6996282304eb1f53,FERGUSON & PORTER BLK C LT 2 VOL99225/3103 DD110299 CO-DALLAS 1175000300200 13211750003,SINGLE FAMILY RESIDENCE,Residential,SINGLE FAMILY RESIDENCE,1,STANDARD US,FERGUSON PORTER,"DALLAS-FORT WORTH-ARLINGTON, TX",Dallas,"IRVING, TX","407 S DELAWARE ST, IRVING, TX 75060",407 S DELAWARE ST,407,NULL,DELAWARE,IRVING,TX,75060,4133,32.810251,-96.944018,0,0,0,0,0,0,0,0,0,0,0,0,0,0,0,0,0,0,0,0,0,0,0,0,0,0,0,0,0,0,0,0,0,0,0,54099
10/4/2000,6/7/2024,3/1/2020,M-000979,568430,165043563,Mechanical,Single family dwelling,Replacing furnace only eg,NULL,expired,NULL,35,0yKZb3,BON AIR Service CO,c0ef411a2f2a184166bd25472d5db2f4,Raul Luna,093f411f12ac06617de3a5924f83414b,PLYMOUTH PARK NORTH 2 LOT 8 BL. 14 1726 RUTGERS DR VOL169152/0611 DOD02082017 CO-DC 4105001400800 2CI41050014,SINGLE FAMILY RESIDENCE,Residential,SINGLE FAMILY RESIDENCE,1,STANDARD US,PLYMOUTH PARK NORTH,"DALLAS-FORT WORTH-ARLINGTON, TX",Dallas,"IRVING, TX","2726 RUTGERS DR, IRVING, TX 75062",2726 RUTGERS DR,2726,NULL,RUTGERS,IRVING,TX,75062,7144,32.841822,-96.984065,0,0,0,0,0,0,0,0,0,0,0,0,0,0,0,1,0,0,1,0,0,0,0,0,0,0,0,1,0,0,0,0,0,0,0,54296
12/7/2000,9/6/2021,3/1/2020,BP-1200-0031,568515,33550882,Parent,NULL,Pool & spa. Ch,NULL,NONE,34617,40,Anl8Yg,Troy Pools,f629b4c49e11e7356a80ce37eff6c169,Mr & Mrs Assaly,ba2af2d55e4c78da2f5dc4337c984db4,HACKBERRY CREEK VILLAGE PH 3 BLK E LOT 2 INT201600003733 DD12292015 CO-DC 1608000E00200 2CI1608000E,SINGLE FAMILY RESIDENCE,Residential,SINGLE FAMILY RESIDENCE,1,STANDARD US,HACKBERRY CREEK VILLAGE,"DALLAS-FORT WORTH-ARLINGTON, TX",Dallas,"IRVING, TX","7425 RUSTON LN, IRVING, TX 75063",7425 RUSTON LN,7425,NULL,RUSTON,IRVING,TX,75063,5702,32.909562,-96.978413,0,0,0,0,0,0,0,0,0,0,0,0,0,0,0,0,0,0,0,0,0,0,0,0,0,0,1,0,0,0,0,0,0,0,0,54324
12/28/2000,9/6/2021,3/1/2020,B-002647,568516,33550882,Residential building,Swim pool (in grd),Pool & spa. Ch,NULL,expired,NULL,NULL,Anl8Yg,Troy Pools,f629b4c49e11e7356a80ce37eff6c169,Mr & Mrs Assaly,ba2af2d55e4c78da2f5dc4337c984db4,HACKBERRY CREEK VILLAGE PH 3 BLK E LOT 2 INT201600003733 DD12292015 CO-DC 1608000E00200 2CI1608000E,SINGLE FAMILY RESIDENCE,Residential,SINGLE FAMILY RESIDENCE,1,STANDARD US,HACKBERRY CREEK VILLAGE,"DALLAS-FORT WORTH-ARLINGTON, TX",Dallas,"IRVING, TX","7425 RUSTON LN, IRVING, TX 75063",7425 RUSTON LN,7425,NULL,RUSTON,IRVING,TX,75063,5702,32.909562,-96.978413,0,0,0,0,0,0,0,0,0,0,0,0,0,0,0,0,0,0,0,0,0,0,0,0,0,0,1,1,0,0,0,0,0,0,0,54325
4/24/2000,6/7/2024,3/1/2020,P-000648,569444,165280649,plumbing,Gas,Parking lot addtional parking cmh/eg,NULL,CLOSED,0,0,kbxJBB,NTEX PLMB CO; Ntex Plumbing CO,a1e1290e620ff3bf789abaf135e92e38,TRAMMELL CROW COMPANY,17347d629713ebc48426e5f081fe7e7c,KINWEST SEC 18 1ST INST LT 1R ACS 7.185 INT202200076288 DD03142022 CO-DC 2507500001R00 13225075000,OFFICE BUILDING,Commercial,OFFICE,1,STANDARD US,KINWEST SEC 1ST,"DALLAS-FORT WORTH-ARLINGTON, TX",Dallas,"IRVING, TX","3232 W ROYAL LN, IRVING, TX 75063",3232 W ROYAL LN,3232,NULL,ROYAL,IRVING,TX,75063,3105,32.909806,-96.989791,0,0,0,0,0,0,0,0,0,0,0,0,0,0,0,0,0,0,0,0,0,0,0,0,1,0,0,0,0,0,0,0,0,0,0,54595
4/13/2000,6/7/2024,3/1/2020,B-000858,569447,165280649,Commercial building,Parking lot (new/rp),Parking lot addtional parking cmh/eg,NULL,CLOSED,0,0,6qmO2J,ROGERS O'BRIEN,13a11fce50bca23f145fe21af4ba3e52,TRAMMELL CROW COMPANY,17347d629713ebc48426e5f081fe7e7c,KINWEST SEC 18 1ST INST LT 1R ACS 7.185 INT202200076288 DD03142022 CO-DC 2507500001R00 13225075000,OFFICE BUILDING,Commercial,OFFICE,1,STANDARD US,KINWEST SEC 1ST,"DALLAS-FORT WORTH-ARLINGTON, TX",Dallas,"IRVING, TX","3232 W ROYAL LN, IRVING, TX 75063",3232 W ROYAL LN,3232,NULL,ROYAL,IRVING,TX,75063,3105,32.909806,-96.989791,0,0,1,0,0,0,0,0,0,0,0,0,0,0,0,0,0,0,0,0,0,0,0,0,0,0,0,0,0,0,0,0,0,0,0,54598
1/24/2000,6/7/2024,3/1/2020,M-901331,570049,165280875,Mechanical,Auto repair,New construction cmc/le,NULL,final,NULL,NULL,E6Ggvq,Merit Mech Services,6c3f98ce19a890c486f7c0fd76600f0a,Frank Parr Auto Plex,ebf64f6e47cac2c07ed284209aa449b8,W C LASATERS SANDY ACRES BLK 1 LT 1 LESS ROW & BLK 2 LTS 1 & 3 ACS 5.4875 INT201700185886 DD06272017 CO-DC 2585000100100,"COMMERCIAL BUILDING, MAIL ORDER, SHOW ROOM (NON-AUTO), WAREHOUSE",Commercial,RETAIL,1,STANDARD US,W C LASATERS SANDY ACRES,"DALLAS-FORT WORTH-ARLINGTON, TX",Dallas,"IRVING, TX","2111 ROSE ST, IRVING, TX 75061",2111 ROSE ST,2111,NULL,ROSE,IRVING,TX,75061,2749,32.835585,-96.938591,0,0,0,0,0,0,0,0,0,0,0,0,0,0,0,0,0,0,1,0,0,0,0,0,0,0,0,0,0,0,0,0,0,0,0,54882
1/28/2000,10/2/2023,3/1/2020,B-901567,570060,165280875,Commercial building,Auto repair,New construction cmc/le,NULL,final,0,0,o71mKK,WB Kibler,c23ad18532319c7f21be7b7c5a664c33,Frank Parr Auto Plex,ebf64f6e47cac2c07ed284209aa449b8,W C LASATERS SANDY ACRES BLK 1 LT 1 LESS ROW & BLK 2 LTS 1 & 3 ACS 5.4875 INT201700185886 DD06272017 CO-DC 2585000100100,"COMMERCIAL BUILDING, MAIL ORDER, SHOW ROOM (NON-AUTO), WAREHOUSE",Commercial,RETAIL,1,STANDARD US,W C LASATERS SANDY ACRES,"DALLAS-FORT WORTH-ARLINGTON, TX",Dallas,"IRVING, TX","2111 ROSE ST, IRVING, TX 75061",2111 ROSE ST,2111,NULL,ROSE,IRVING,TX,75061,2749,32.835585,-96.938591,0,0,1,0,0,0,0,0,0,0,0,0,0,0,0,0,0,0,0,0,0,0,0,0,0,0,0,0,0,0,0,0,0,0,0,54890
12/28/2000,4/12/2021,3/1/2020,BP-1200-0090,7991830,167442087,Parent,NULL,Room addition/remodel cv/cmh/gm,NULL,NONE,6000,75,NULL,Primitivo Avila Rojas,8275ceaaba2d44cfe56d3dcf6190192c,Same,c90a13d8ec8fe53c6bb33fe10af6f2fe,C E MCLEMORES PT LT 25 75X150 VOL94200/2883 DD101194 CO-DALLAS 2895000002501 13228950000,SINGLE FAMILY RESIDENCE,Residential,SINGLE FAMILY RESIDENCE,1,STANDARD US,C E MCLEMORES,"DALLAS-FORT WORTH-ARLINGTON, TX",Dallas,"IRVING, TX","112 W UNION BOWER RD, IRVING, TX 75061",112 W UNION BOWER RD,112,NULL,UNION BOWER,IRVING,TX,75061,7536,32.820908,-96.946937,0,0,0,0,0,0,0,0,0,0,0,0,0,0,1,0,0,0,0,0,1,0,0,0,0,0,0,0,0,0,0,0,0,0,0,309565
9/8/2000,7/28/2023,3/1/2020,0009081107,57387068,165130247,NULL,(b) alteration or reconstruction or renovation,Erect 1 tent,NULL,Work Completed,2000,NULL,5w1lwP,NA/,c597e545b64989558051d137dcdb6d6a,CHURCH OF INCARNATION,b6f924be792078cf146874af68f86406,NULL,NULL,Other or unknown,NULL,NULL,NULL,NULL,NULL,NULL,NULL,NULL,NULL,NULL,NULL,NULL,NULL,NULL,NULL,NULL,NULL,NULL,0,0,0,0,0,0,0,0,0,0,0,0,0,0,0,0,0,0,0,0,0,0,0,0,0,0,0,0,0,0,0,0,0,0,0,2726739
8/18/2000,6/7/2024,3/1/2020,M-000796,570128,47394771,Mechanical,Single family dwelling,New air conditioning unit eg,NULL,expired,2000,40,aBmBYp,AAA Auger,47085db67345c2ba18c13340118e03fb,Herman Garza,a8a189f58ab0f64e1eb16875a520c4f4,WILDWOOD HEIGHTS 2 BLK 2 PTLTS 23 & 24 INT201600228804 DD08102016 CO-DC 5965000202400 2CI59650002,SINGLE FAMILY RESIDENCE,Residential,SINGLE FAMILY RESIDENCE,1,STANDARD US,WILDWOOD HEIGHTS,"DALLAS-FORT WORTH-ARLINGTON, TX",Dallas,"IRVING, TX","2029 ROSEBUD DR, IRVING, TX 75060",2029 ROSEBUD DR,2029,NULL,ROSEBUD,IRVING,TX,75060,4630,32.803709,-96.914152,0,0,0,0,0,0,0,0,0,0,0,0,0,0,0,1,0,0,1,0,0,1,0,0,0,0,0,1,0,0,0,0,0,0,0,54918
7/3/2000,7/10/2021,3/1/2020,BP-0700-0003,576240,149720571,Parent,NULL,Re building patio & roof gm/eg,NULL,NONE,900,150,xmo928,Eloy Corral,8676b50fc0f0a39b0db6d8b9c2617834,Eloy & Thelma Corral,ce847606568e4a7792edeede36957987,TIPTON ESTATES BLK A LOT 10 VOL92239/1409 EF120492 CO-DALLAS 5425000101000 2CI54250001,SINGLE FAMILY RESIDENCE,Residential,SINGLE FAMILY RESIDENCE,1,STANDARD US,TIPTON ESTATES,"DALLAS-FORT WORTH-ARLINGTON, TX",Dallas,"IRVING, TX","2113 ROCKY CV, IRVING, TX 75060",2113 ROCKY CV,2113,NULL,ROCKY,IRVING,TX,75060,3607,32.806625,-96.97293,0,0,0,0,0,0,0,0,0,0,0,0,0,0,0,0,0,0,0,0,0,0,1,0,0,0,0,0,0,1,0,0,0,0,0,57471
7/3/2000,10/2/2023,3/1/2020,B-001479,576243,149720571,Residential building,Accessory buildings,Re building patio & roof gm/eg,NULL,issued,NULL,NULL,NULL,Eloy Corral,8676b50fc0f0a39b0db6d8b9c2617834,Eloy & Thelma Corral,ce847606568e4a7792edeede36957987,TIPTON ESTATES BLK A LOT 10 VOL92239/1409 EF120492 CO-DALLAS 5425000101000 2CI54250001,SINGLE FAMILY RESIDENCE,Residential,SINGLE FAMILY RESIDENCE,1,STANDARD US,TIPTON ESTATES,"DALLAS-FORT WORTH-ARLINGTON, TX",Dallas,"IRVING, TX","2113 ROCKY CV, IRVING, TX 75060",2113 ROCKY CV,2113,NULL,ROCKY,IRVING,TX,75060,3607,32.806625,-96.97293,0,0,0,0,0,0,0,0,0,0,0,0,0,0,0,0,0,0,0,0,0,0,1,0,0,0,0,1,0,1,0,0,0,0,0,57473
2/24/2000,12/6/2021,3/1/2020,P-000328,679126,342614,plumbing,Apartment,Repair main sewer line eg,NULL,expired,NULL,35,OBeWay,American Mechanical,22e58ce344d28d36e1aef092d42b02ac,Rayo De Sol,530abef58ed687a067936c7c21e98c27,DAVID BROOKS ABST 142 PG 091 TR 19 ACS 2.20 INT202200208190 DD07292022 CO-DC 0142091101900 1CI01420911,APARTMENT HOUSE (5+ UNITS),Commercial,MULTI 5+,1,STANDARD US,DAVID BROOKS,"DALLAS-FORT WORTH-ARLINGTON, TX",Dallas,"IRVING, TX","2200 W ROCHELLE RD, IRVING, TX 75062",2200 W ROCHELLE RD,2200,NULL,ROCHELLE,IRVING,TX,75062,7042,32.841551,-96.973791,0,0,0,0,0,0,0,0,0,0,0,0,0,0,0,0,0,0,0,0,0,0,0,0,1,0,0,0,0,0,1,0,0,0,0,59726
1/24/2000,10/2/2023,3/1/2020,E-000139,679847,2524755,Electrical,Accessory buildings,Storage building with electrical g,NULL,final,NULL,NULL,NULL,Benson Electric,7dc16c8041540a6ff3b113300035595c,Minor,6fed0c378a4b4e8c1e7dc5c16dabb388,ROBERTS BLK A LT 27 INT202100186643 DD06222021 CO-DC 4425000102700 2CI44250001,SINGLE FAMILY RESIDENCE,Residential,SINGLE FAMILY RESIDENCE,1,STANDARD US,ROBERTS,"DALLAS-FORT WORTH-ARLINGTON, TX",Dallas,"IRVING, TX","421 ROBERTS AVE, IRVING, TX 75060",421 ROBERTS AVE,421,NULL,ROBERTS,IRVING,TX,75060,2436,32.809989,-96.972728,0,0,0,0,0,0,0,0,1,0,0,0,0,0,0,0,0,0,0,0,0,0,0,0,0,0,0,0,0,0,0,0,0,0,0,59908
1/17/2000,10/2/2023,3/1/2020,BP-0100-0034,679849,2524755,Parent,NULL,Storage building with electrical g,NULL,NONE,3000,35,NULL,Glen Minor,7034ff75e13baa90744556663d13a88e,Minor,6fed0c378a4b4e8c1e7dc5c16dabb388,ROBERTS BLK A LT 27 INT202100186643 DD06222021 CO-DC 4425000102700 2CI44250001,SINGLE FAMILY RESIDENCE,Residential,SINGLE FAMILY RESIDENCE,1,STANDARD US,ROBERTS,"DALLAS-FORT WORTH-ARLINGTON, TX",Dallas,"IRVING, TX","421 ROBERTS AVE, IRVING, TX 75060",421 ROBERTS AVE,421,NULL,ROBERTS,IRVING,TX,75060,2436,32.809989,-96.972728,0,0,0,0,0,0,0,0,1,0,0,0,0,0,0,0,0,0,0,0,0,0,0,0,0,0,0,0,0,0,0,0,0,0,0,59909
1/17/2000,10/2/2023,3/1/2020,B-000107,679851,2524755,Residential building,Accessory buildings,Storage building with electrical g,NULL,expired,NULL,NULL,NULL,Glen Minor,7034ff75e13baa90744556663d13a88e,Minor,6fed0c378a4b4e8c1e7dc5c16dabb388,ROBERTS BLK A LT 27 INT202100186643 DD06222021 CO-DC 4425000102700 2CI44250001,SINGLE FAMILY RESIDENCE,Residential,SINGLE FAMILY RESIDENCE,1,STANDARD US,ROBERTS,"DALLAS-FORT WORTH-ARLINGTON, TX",Dallas,"IRVING, TX","421 ROBERTS AVE, IRVING, TX 75060",421 ROBERTS AVE,421,NULL,ROBERTS,IRVING,TX,75060,2436,32.809989,-96.972728,0,0,0,0,0,0,0,0,1,0,0,0,0,0,0,0,0,0,0,0,0,0,0,0,0,0,0,1,0,0,0,0,0,0,0,59910
6/29/2000,6/7/2024,3/1/2020,P-001037,679863,22329240,plumbing,Single family dwelling,Adding bedroom & addition bathroom with elec/plumbing mj/eg,NULL,expired,NULL,NULL,0yxnDe,Adams Plumbing,7468fabe30c73cafea7ffbd39d103a3c,Stanley Newville,6ddea3c05c289c99222443b10b2a39ea,ROBERTS LOT 4 BLK B INT201700082535 DD03222017 CO-DC 4425000200400 2CI44250002,SINGLE FAMILY RESIDENCE,Residential,SINGLE FAMILY RESIDENCE,1,STANDARD US,ROBERTS,"DALLAS-FORT WORTH-ARLINGTON, TX",Dallas,"IRVING, TX","414 ROBERTS AVE, IRVING, TX 75060",414 ROBERTS AVE,414,NULL,ROBERTS,IRVING,TX,75060,2461,32.810355,-96.972077,0,1,0,0,0,0,0,0,0,0,0,0,0,0,1,0,0,0,0,0,0,0,0,0,1,0,0,1,0,0,0,0,0,0,0,59911
8/24/2000,1/3/2022,3/1/2020,E-001588,680215,33531064,Electrical,Apartment,Install smoke detectord in bedrooms bj,NULL,expired,NULL,35,8or0aw,Cathey Service INC,ee9784a38249ed02d1cddee95ca15789,Twin Wells Apts,1efbd4756c194bfa93a49dba51379076,RIVER VIEW S. PT. LOT 1 2215 RIVERVIEW INT20070031423 DD01192007 CO-DC 4415000000100 2CI44150000,"DUPLEX (2 UNITS, ANY COMBINATION)",Residential,MULTI (2-4 Units),7,HIGHRISE,RIVER VIEW,"DALLAS-FORT WORTH-ARLINGTON, TX",Dallas,"IRVING, TX","2215 RIVERVIEW DR, IRVING, TX 75060",2215 RIVERVIEW DR,2215,NULL,RIVERVIEW,IRVING,TX,75060,6414,32.800468,-96.914009,0,0,0,0,0,0,0,0,1,0,0,0,0,0,0,0,0,0,0,0,0,0,0,0,0,0,0,1,0,0,0,0,0,0,0,60000
8/16/2000,7/28/2023,3/1/2020,BP-0800-0092,680224,28593049,Parent,NULL,Vinyl siding-will not meet full comparable w/building standards,NULL,NONE,6000,35,NULL,Baker Bros Install,b695938f6fd58e2adb0b15e261740ed2,Archie Richardson,a14842ab84d552658be6f7acfcb0610e,NULL,NULL,Other or unknown,NULL,NULL,NULL,NULL,NULL,NULL,NULL,NULL,NULL,NULL,NULL,NULL,NULL,NULL,NULL,NULL,NULL,NULL,0,0,0,0,0,0,0,0,0,0,0,0,0,0,0,0,0,0,0,0,0,0,0,0,0,0,0,0,0,0,0,0,0,0,0,60004
8/16/2000,7/28/2023,3/1/2020,B-001848,680227,28593049,Commercial building,Apartment,Vinyl siding-will not meet full comparable w/building standards,NULL,expired,NULL,NULL,NULL,Baker Bros Install,b695938f6fd58e2adb0b15e261740ed2,Archie Richardson,a14842ab84d552658be6f7acfcb0610e,NULL,NULL,Other or unknown,NULL,NULL,NULL,NULL,NULL,NULL,NULL,NULL,NULL,NULL,NULL,NULL,NULL,NULL,NULL,NULL,NULL,NULL,0,0,0,0,0,0,0,0,0,0,0,0,0,0,0,0,0,0,0,0,0,0,0,0,0,0,0,0,0,0,0,0,0,0,0,60005
8/24/2000,8/8/2022,3/1/2020,E-001591,680230,33621288,Electrical,Apartment,Install smoke detectors in bedrooms bj,NULL,expired,NULL,35,8or0aw,Cathey Service INC,ee9784a38249ed02d1cddee95ca15789,Twin Wells Apts,1efbd4756c194bfa93a49dba51379076,RIVER VIEW PT LOTS 1 & 16 INT20070031424 DD01192007 CO-DC 4415000001600 2CI44150000,APARTMENT HOUSE (5+ UNITS),Commercial,MULTI 5+,7,HIGHRISE,RIVER VIEW,"DALLAS-FORT WORTH-ARLINGTON, TX",Dallas,"IRVING, TX","1212 RIVERVIEW DR, IRVING, TX 75060",1212 RIVERVIEW DR,1212,NULL,RIVERVIEW,IRVING,TX,75060,6408,32.800741,-96.913986,0,0,0,0,0,0,0,0,1,0,0,0,0,0,0,0,0,0,0,0,0,0,0,0,0,0,0,1,0,0,0,0,0,0,0,60006
10/30/2000,4/12/2021,3/1/2020,G-001234,681136,140465258,General,Driveway approach,Replace approach gm/le,NULL,final,NULL,35,NULL,Jim Stump Cement Cont,1e7f2b3ef43e5a29602fe2c5af050fb9,Kroenlein,91ffceea3ff010cf8911bbf24cf55f66,SENTER PARK ESTATES BLK A LOT 5 VOL2000137/3607 DD12311992 CO-DC 4735000100500 13247350001,SINGLE FAMILY RESIDENCE,Residential,SINGLE FAMILY RESIDENCE,1,STANDARD US,SENTER PARK ESTATES,"DALLAS-FORT WORTH-ARLINGTON, TX",Dallas,"IRVING, TX","901 RINDIE ST, IRVING, TX 75060",901 RINDIE ST,901,NULL,RINDIE,IRVING,TX,75060,5248,32.804522,-96.952071,0,0,0,0,0,0,0,0,0,0,0,0,0,0,0,0,0,0,0,0,0,0,0,1,0,0,0,0,0,0,0,0,0,0,0,60378
10/12/2000,6/7/2024,3/1/2020,E-001908,682321,50534442,Electrical,Single family dwelling,Enclose garage to make into a bedroom includes electrical cv,NULL,final,NULL,NULL,NULL,Julio Perez,0077a9dfdf7738f226b9b08c13d53b61,NULL,NULL,"ROLLING RIDGE 2 LOT 13, BL. 7 VOL99113/3454 DD060499 5302220701300 13245450007",SINGLE FAMILY RESIDENCE,Residential,SINGLE FAMILY RESIDENCE,1,STANDARD US,ROLLING RIDGE,"DALLAS-FORT WORTH-ARLINGTON, TX",Dallas,"IRVING, TX","3118 RIDGEVIEW LN, IRVING, TX 75062",3118 RIDGEVIEW LN,3118,NULL,RIDGEVIEW,IRVING,TX,75062,4163,32.849552,-96.988497,0,0,0,0,0,0,0,0,1,0,0,0,0,0,0,0,0,0,0,0,0,1,0,0,0,0,0,1,0,0,0,0,0,0,0,60593
9/11/2000,6/7/2024,3/1/2020,BP-0900-0032,682323,50534442,Parent,NULL,Enclose garage to make into a bedroom includes electrical cv,NULL,NONE,700,48,NULL,Julio Perez,0077a9dfdf7738f226b9b08c13d53b61,"Chism, John E&",70d3a172221cbf82b8b7c5612e7fb56b,"ROLLING RIDGE 2 LOT 13, BL. 7 VOL99113/3454 DD060499 5302220701300 13245450007",SINGLE FAMILY RESIDENCE,Residential,SINGLE FAMILY RESIDENCE,1,STANDARD US,ROLLING RIDGE,"DALLAS-FORT WORTH-ARLINGTON, TX",Dallas,"IRVING, TX","3118 RIDGEVIEW LN, IRVING, TX 75062",3118 RIDGEVIEW LN,3118,NULL,RIDGEVIEW,IRVING,TX,75062,4163,32.849552,-96.988497,0,0,0,0,0,0,0,0,1,0,0,0,0,0,0,0,0,0,0,0,0,0,0,0,0,0,0,1,0,0,0,0,0,0,0,60594
9/11/2000,6/7/2024,3/1/2020,B-002044,682326,50534442,Residential building,Single family dwelling,Enclose garage to make into a bedroom includes electrical cv,NULL,expired,NULL,NULL,NULL,Julio Perez,0077a9dfdf7738f226b9b08c13d53b61,NULL,NULL,"ROLLING RIDGE 2 LOT 13, BL. 7 VOL99113/3454 DD060499 5302220701300 13245450007",SINGLE FAMILY RESIDENCE,Residential,SINGLE FAMILY RESIDENCE,1,STANDARD US,ROLLING RIDGE,"DALLAS-FORT WORTH-ARLINGTON, TX",Dallas,"IRVING, TX","3118 RIDGEVIEW LN, IRVING, TX 75062",3118 RIDGEVIEW LN,3118,NULL,RIDGEVIEW,IRVING,TX,75062,4163,32.849552,-96.988497,0,0,0,0,0,0,0,0,1,0,0,0,0,0,0,0,0,0,0,0,0,1,0,0,0,0,0,1,0,0,0,0,0,0,0,60596
6/21/2000,6/7/2024,3/1/2020,T-000222,682864,1164661,Electrical,T-pole,New single family dwelling mj/le/cv,NULL,expired,NULL,NULL,ZV7ENa,JOE Swartz Electric,b057e23b99c284ce6020c7951b1c1720,Grand Homes,25f9c714d5d1ece67a1999569652bb1b,SOUTHRIDGE PH 2 BLK A LOT 7 INT201800303826 DD11092018 CO-DC 4993200A00700 2CI4993200A,SINGLE FAMILY RESIDENCE,Residential,SINGLE FAMILY RESIDENCE,1,STANDARD US,SOUTHRIDGE,"DALLAS-FORT WORTH-ARLINGTON, TX",Dallas,"IRVING, TX","439 RICHMOND ST, IRVING, TX 75063",439 RICHMOND ST,439,NULL,RICHMOND,IRVING,TX,75063,8033,32.921449,-96.951691,0,0,0,0,0,0,0,0,1,0,0,0,0,0,0,0,0,0,0,0,0,1,0,0,0,0,0,1,0,0,0,0,0,0,0,60794
10/13/2000,4/12/2021,3/1/2020,P-000993,682867,1164661,plumbing,Single family dwelling,New single family dwelling mj/le/cv,NULL,final,NULL,NULL,XA410q,Pottsy Plumbing,0e170a55f7ca66b418db2a9bdbe7b602,Grand Homes,25f9c714d5d1ece67a1999569652bb1b,SOUTHRIDGE PH 2 BLK A LOT 7 INT201800303826 DD11092018 CO-DC 4993200A00700 2CI4993200A,SINGLE FAMILY RESIDENCE,Residential,SINGLE FAMILY RESIDENCE,1,STANDARD US,SOUTHRIDGE,"DALLAS-FORT WORTH-ARLINGTON, TX",Dallas,"IRVING, TX","439 RICHMOND ST, IRVING, TX 75063",439 RICHMOND ST,439,NULL,RICHMOND,IRVING,TX,75063,8033,32.921449,-96.951691,0,0,0,0,0,0,0,0,0,0,0,0,0,0,0,0,0,0,0,0,0,1,0,0,1,0,0,1,0,0,0,0,0,0,0,60795
9/27/2000,6/17/2024,3/1/2020,M-000674,682868,1164661,Mechanical,Single family dwelling,New single family dwelling mj/le/cv,NULL,final,NULL,NULL,Kk7kdn,Reliant Heating & A/C,cd412f8dcb43c9a966871807f68e56b8,Grand Homes,25f9c714d5d1ece67a1999569652bb1b,SOUTHRIDGE PH 2 BLK A LOT 7 INT201800303826 DD11092018 CO-DC 4993200A00700 2CI4993200A,SINGLE FAMILY RESIDENCE,Residential,SINGLE FAMILY RESIDENCE,1,STANDARD US,SOUTHRIDGE,"DALLAS-FORT WORTH-ARLINGTON, TX",Dallas,"IRVING, TX","439 RICHMOND ST, IRVING, TX 75063",439 RICHMOND ST,439,NULL,RICHMOND,IRVING,TX,75063,8033,32.921449,-96.951691,0,0,0,0,0,0,0,0,0,0,0,0,0,0,0,1,0,0,1,0,0,1,0,0,0,0,0,1,0,0,0,0,0,0,0,60796
9/25/2000,6/7/2024,3/1/2020,E-001139,682869,1164661,Electrical,Single family dwelling,New single family dwelling mj/le/cv,NULL,final,NULL,NULL,ZV7ENa,JOE Swartz Electric,b057e23b99c284ce6020c7951b1c1720,Grand Homes,25f9c714d5d1ece67a1999569652bb1b,SOUTHRIDGE PH 2 BLK A LOT 7 INT201800303826 DD11092018 CO-DC 4993200A00700 2CI4993200A,SINGLE FAMILY RESIDENCE,Residential,SINGLE FAMILY RESIDENCE,1,STANDARD US,SOUTHRIDGE,"DALLAS-FORT WORTH-ARLINGTON, TX",Dallas,"IRVING, TX","439 RICHMOND ST, IRVING, TX 75063",439 RICHMOND ST,439,NULL,RICHMOND,IRVING,TX,75063,8033,32.921449,-96.951691,0,0,0,0,0,0,0,0,1,0,0,0,0,0,0,0,0,0,0,0,0,1,0,0,0,0,0,1,0,0,0,0,0,0,0,60797
6/9/2000,6/7/2024,3/1/2020,BP-0600-0029,683025,640695,Parent,NULL,Retainin wall mj,NULL,NONE,12000,NULL,p7LyY6,D.R. Horton,68902d8694aa6e6f9e7c0bf7a571410d,DR Horton,60663090f4a881c155be7b5ea99295e9,UNIVERSITY PARK 1 BLK E LT 3 INT201000299973 DD11172010 CO-DC 5577000E00300 2CI5577000E,SINGLE FAMILY RESIDENCE,Residential,SINGLE FAMILY RESIDENCE,1,STANDARD US,UNIVERSITY PARK,"DALLAS-FORT WORTH-ARLINGTON, TX",Dallas,"IRVING, TX","3310 RICCI LN, IRVING, TX 75062",3310 RICCI LN,3310,NULL,RICCI,IRVING,TX,75062,6575,32.849388,-96.933482,0,0,0,0,0,0,0,0,0,0,0,0,0,0,0,0,0,0,0,0,0,0,0,0,0,0,0,0,0,0,0,0,0,0,0,60847
6/9/2000,6/7/2024,3/1/2020,B-001315,683027,640695,Residential building,Retaining wall,Retainin wall mj,NULL,CLOSED,0,0,p7LyY6,D.R. Horton,68902d8694aa6e6f9e7c0bf7a571410d,NULL,NULL,UNIVERSITY PARK 1 BLK E LT 3 INT201000299973 DD11172010 CO-DC 5577000E00300 2CI5577000E,SINGLE FAMILY RESIDENCE,Residential,SINGLE FAMILY RESIDENCE,1,STANDARD US,UNIVERSITY PARK,"DALLAS-FORT WORTH-ARLINGTON, TX",Dallas,"IRVING, TX","3310 RICCI LN, IRVING, TX 75062",3310 RICCI LN,3310,NULL,RICCI,IRVING,TX,75062,6575,32.849388,-96.933482,0,0,0,0,0,0,0,0,0,0,0,0,0,0,0,0,0,0,0,0,0,0,0,0,0,0,0,1,1,0,0,0,0,0,0,60848
6/9/2000,6/7/2024,3/1/2020,BP-0600-0031,683029,2588448,Parent,NULL,Retaining wall mj,NULL,NONE,12000,NULL,p7LyY6,D.R. Horton,68902d8694aa6e6f9e7c0bf7a571410d,DR Horton,60663090f4a881c155be7b5ea99295e9,UNIVERSITY PARK 1 BLK E LT 2 VOL2004076/2701 DD04122004 CO-DC 5577000E00200 2CI5577000E,SINGLE FAMILY RESIDENCE,Residential,SINGLE FAMILY RESIDENCE,1,STANDARD US,UNIVERSITY PARK,"DALLAS-FORT WORTH-ARLINGTON, TX",Dallas,"IRVING, TX","3306 RICCI LN, IRVING, TX 75062",3306 RICCI LN,3306,NULL,RICCI,IRVING,TX,75062,6575,32.849257,-96.933531,0,0,0,0,0,0,0,0,0,0,0,0,0,0,0,0,0,0,0,0,0,0,0,0,0,0,0,0,1,0,0,0,0,0,0,60850
6/9/2000,6/7/2024,3/1/2020,B-001317,683031,2588448,Residential building,Retaining wall,Retaining wall mj,NULL,CLOSED,0,0,p7LyY6,D.R. Horton,68902d8694aa6e6f9e7c0bf7a571410d,NULL,NULL,UNIVERSITY PARK 1 BLK E LT 2 VOL2004076/2701 DD04122004 CO-DC 5577000E00200 2CI5577000E,SINGLE FAMILY RESIDENCE,Residential,SINGLE FAMILY RESIDENCE,1,STANDARD US,UNIVERSITY PARK,"DALLAS-FORT WORTH-ARLINGTON, TX",Dallas,"IRVING, TX","3306 RICCI LN, IRVING, TX 75062",3306 RICCI LN,3306,NULL,RICCI,IRVING,TX,75062,6575,32.849257,-96.933531,0,0,0,0,0,0,0,0,0,0,0,0,0,0,0,0,0,0,0,0,0,0,0,0,0,0,0,1,1,0,0,0,0,0,0,60851
6/9/2000,6/7/2024,3/1/2020,BP-0600-0030,683038,2588449,Parent,NULL,Retaning wall mj,NULL,NONE,12000,NULL,p7LyY6,D.R. Horton,68902d8694aa6e6f9e7c0bf7a571410d,DR Horton,60663090f4a881c155be7b5ea99295e9,UNIVERSITY PARK 1 BLK E LOT 1 INT202300010981 DD01172023 CO-DC 5577000E00100 2CI5577000E,SINGLE FAMILY RESIDENCE,Residential,SINGLE FAMILY RESIDENCE,1,STANDARD US,UNIVERSITY PARK,"DALLAS-FORT WORTH-ARLINGTON, TX",Dallas,"IRVING, TX","3302 RICCI LN, IRVING, TX 75062",3302 RICCI LN,3302,NULL,RICCI,IRVING,TX,75062,6575,32.849101,-96.933591,0,0,0,0,0,0,0,0,0,0,0,0,0,0,0,0,0,0,0,0,0,0,0,0,0,0,0,0,0,0,0,0,0,0,0,60854
7/3/2000,7/28/2023,3/1/2020,2000-001917 EP,37497194,52908724,Electrical permit - new,R- 101 single family houses,Electrical permit - new - new 2sty residence w/att garage porch-patio - r- 101 single family houses,2800 Waymaker Wy Unit 68,final,NULL,165,NULL,JSL Construction; Ringo Electric INC,bcbc035c0d704c5845af28c4dc016305,NULL,NULL,NULL,NULL,Other or unknown,NULL,NULL,NULL,NULL,NULL,NULL,NULL,NULL,NULL,NULL,NULL,NULL,NULL,NULL,NULL,NULL,NULL,NULL,0,0,0,0,0,0,0,0,0,0,0,0,0,0,0,0,0,0,0,0,0,0,0,0,0,0,0,0,0,0,0,0,0,0,0,1623488
6/9/2000,6/7/2024,3/1/2020,B-001316,683040,2588449,Residential building,Retaining wall,Retaning wall mj,NULL,CLOSED,0,0,p7LyY6,D.R. Horton,68902d8694aa6e6f9e7c0bf7a571410d,NULL,NULL,UNIVERSITY PARK 1 BLK E LOT 1 INT202300010981 DD01172023 CO-DC 5577000E00100 2CI5577000E,SINGLE FAMILY RESIDENCE,Residential,SINGLE FAMILY RESIDENCE,1,STANDARD US,UNIVERSITY PARK,"DALLAS-FORT WORTH-ARLINGTON, TX",Dallas,"IRVING, TX","3302 RICCI LN, IRVING, TX 75062",3302 RICCI LN,3302,NULL,RICCI,IRVING,TX,75062,6575,32.849101,-96.933591,0,0,0,0,0,0,0,0,0,0,0,0,0,0,0,0,0,0,0,0,0,0,0,0,0,0,0,1,1,0,0,0,0,0,0,60855
11/20/2000,6/7/2024,3/1/2020,M-001135,683175,44484801,Mechanical,Single family dwelling,"Install 100, 000 btu furnace le",NULL,expired,NULL,35,NULL,Spencer AIR Cond,d33b0eebf4c5bce6831fe7fc826e053e,Cross,e76b449b9fc8536af7557ffa6321d269,REVERE PLACE 2 BLK 2 LOT 13 VOL2002151/8994 DD07292002 CO-DC 4265000201300 13242650002,SINGLE FAMILY RESIDENCE,Residential,SINGLE FAMILY RESIDENCE,1,STANDARD US,REVERE PLACE,"DALLAS-FORT WORTH-ARLINGTON, TX",Dallas,"IRVING, TX","2408 REVERE DR, IRVING, TX 75061",2408 REVERE DR,2408,NULL,REVERE,IRVING,TX,75061,6622,32.824824,-96.976962,0,0,0,0,0,0,0,0,0,0,0,0,0,0,0,1,0,0,1,0,0,0,0,0,0,0,0,1,0,0,0,0,0,0,0,60906
7/24/2000,3/7/2022,3/1/2020,E-902067,683374,165287223,Electrical,Single family dwelling,New detached residence house mm/le,NULL,final,NULL,NULL,Gkxvdx,Marys Electric Co,30204c5aa1da998f97314b09195776c4,Dr Tylock,6c2f09f317dd550914465222574320af,WINDSOR RIDGE PH 4 REVISED BLK A LTS 8R ACS 0.689 VOL94234/2181 DD113094 CO-DALLAS 6041400A08R00 2CI6041400A,SINGLE FAMILY RESIDENCE,Residential,SINGLE FAMILY RESIDENCE,1,STANDARD US,WINDSOR RIDGE PH REVISED,"DALLAS-FORT WORTH-ARLINGTON, TX",Dallas,"IRVING, TX","4704 REDWOOD CT, IRVING, TX 75038",4704 REDWOOD CT,4704,NULL,REDWOOD,IRVING,TX,75038,6314,32.871823,-96.958068,0,0,0,0,0,0,0,0,1,0,0,0,0,0,0,0,0,0,0,0,0,1,0,0,0,0,0,1,0,0,0,0,0,0,0,60972
9/15/2000,3/7/2022,3/1/2020,BP-0900-0057,683379,165287223,Parent,NULL,Pool and deck gm/bj,NULL,NONE,75000,1484,o72b34,Leisure Living Pools,c2406d84f7c65395502d66c84941ed3f,Gary Tylock,0024c376ace00985b95790f276e8fbdd,WINDSOR RIDGE PH 4 REVISED BLK A LTS 8R ACS 0.689 VOL94234/2181 DD113094 CO-DALLAS 6041400A08R00 2CI6041400A,SINGLE FAMILY RESIDENCE,Residential,SINGLE FAMILY RESIDENCE,1,STANDARD US,WINDSOR RIDGE PH REVISED,"DALLAS-FORT WORTH-ARLINGTON, TX",Dallas,"IRVING, TX","4704 REDWOOD CT, IRVING, TX 75038",4704 REDWOOD CT,4704,NULL,REDWOOD,IRVING,TX,75038,6314,32.871823,-96.958068,0,0,0,0,0,0,0,0,0,0,0,0,0,0,0,0,0,0,0,0,0,0,0,0,0,0,1,0,0,0,0,0,0,0,0,60974
6/26/2000,4/12/2021,3/1/2020,M-000584,803952,166993101,Mechanical,Single family dwelling,Addition 3 ton air conditioning & 3 ton fan coil cv,NULL,expired,NULL,35,NULL,Spencer AIR Cond,d33b0eebf4c5bce6831fe7fc826e053e,McGarity,264978157e66241ff066a8c11efdd76b,HOWARD U FREEMAN 8 BLK A LOT 1 INT202000308945 DD11062020 CO-DC 1278600A00100 2CI1278600A,SINGLE FAMILY RESIDENCE,Residential,SINGLE FAMILY RESIDENCE,1,STANDARD US,HOWARD U FREEMAN,"DALLAS-FORT WORTH-ARLINGTON, TX",Dallas,"IRVING, TX","532 RAWLS CIR, IRVING, TX 75061",532 RAWLS CIR,532,NULL,RAWLS,IRVING,TX,75061,4941,32.825741,-96.941237,0,0,0,0,0,0,0,0,0,0,0,0,0,0,1,1,0,0,1,0,0,0,0,0,0,0,0,1,0,0,0,0,0,0,0,64291
3/13/2000,12/6/2021,3/1/2020,M-000227,803980,142675942,Mechanical,Single family dwelling,Replaced 3 ton heat/air system eg,NULL,expired,0,35,aBn72q,A/C Lady Heat & AIR; A/C LADY HEAT AND AIR,ee7e90da548038d90eb72d4bedf9e236,Linda Whittington,b8bbf10364c8b869b247f0842aea45d9,HOWARD U FREEMAN 8A BLK A LOT 6 INT200900349232 DD12112009 CO-DC 1278700A00600 2CI1278700A,SINGLE FAMILY RESIDENCE,Residential,SINGLE FAMILY RESIDENCE,1,STANDARD US,HOWARD U FREEMAN 8A,"DALLAS-FORT WORTH-ARLINGTON, TX",Dallas,"IRVING, TX","512 RAWLS CIR, IRVING, TX 75061",512 RAWLS CIR,512,NULL,RAWLS,IRVING,TX,75061,4941,32.825417,-96.94006,0,0,0,0,0,0,0,0,0,0,0,0,0,0,0,1,0,0,1,0,0,0,0,0,0,0,0,1,0,0,0,0,0,0,0,64301
9/21/2000,6/7/2024,3/1/2020,H-000960,804253,166594606,Co,Institutional,New const. Assistsed living *replaces permit b901198* cmh/c,NULL,FINALED,0,NULL,dXao2G,Embree Construction,dccf70efa1229be3f9727a7c3a02fa43,Alternative Living Services,0541328d28a1bf36810d79c23690a44f,LINDSAY ELIZABETH BLK A LT 2 ACS 3.1644 INT202300052267 DD03172023 CO-DC 2648600A00200 1CI2648600A,COMMERCIAL (GENERAL),Commercial,RETAIL,1,STANDARD US,LINDSAY ELIZABETH,"DALLAS-FORT WORTH-ARLINGTON, TX",Dallas,"IRVING, TX","8855 VALLEY RANCH PKWY W, IRVING, TX 75063",8855 VALLEY RANCH PKWY W,8855,W,VALLEY RANCH,IRVING,TX,75063,4630,32.927805,-96.958948,0,0,1,0,0,0,0,0,0,0,0,0,0,0,0,0,0,0,0,0,0,1,0,0,0,0,0,0,0,0,0,0,0,0,0,64364
10/3/2000,6/7/2024,3/1/2020,E-001827,804265,166594606,Electrical,Institutional,New const. Assistsed living *replaces permit b901198* cmh/c,NULL,final,NULL,NULL,6b5lpB,Embree Construction,dccf70efa1229be3f9727a7c3a02fa43,Alternative Living Services,0541328d28a1bf36810d79c23690a44f,LINDSAY ELIZABETH BLK A LT 2 ACS 3.1644 INT202300052267 DD03172023 CO-DC 2648600A00200 1CI2648600A,COMMERCIAL (GENERAL),Commercial,RETAIL,1,STANDARD US,LINDSAY ELIZABETH,"DALLAS-FORT WORTH-ARLINGTON, TX",Dallas,"IRVING, TX","8855 VALLEY RANCH PKWY W, IRVING, TX 75063",8855 VALLEY RANCH PKWY W,8855,W,VALLEY RANCH,IRVING,TX,75063,4630,32.927805,-96.958948,0,0,0,0,0,0,0,0,1,0,0,0,0,0,0,0,0,0,0,0,0,1,0,0,0,0,0,0,0,0,0,0,0,0,0,64371
9/21/2000,5/27/2024,3/1/2020,BP-0900-0089,804268,166594606,Parent,NULL,New const. Assistsed living *replaces permit b901198* cmh/c,NULL,NONE,2000000,48,NULL,Embree Construction,dccf70efa1229be3f9727a7c3a02fa43,Alternative Living Services,0541328d28a1bf36810d79c23690a44f,LINDSAY ELIZABETH BLK A LT 2 ACS 3.1644 INT202300052267 DD03172023 CO-DC 2648600A00200 1CI2648600A,COMMERCIAL (GENERAL),Commercial,RETAIL,1,STANDARD US,LINDSAY ELIZABETH,"DALLAS-FORT WORTH-ARLINGTON, TX",Dallas,"IRVING, TX","8855 VALLEY RANCH PKWY W, IRVING, TX 75063",8855 VALLEY RANCH PKWY W,8855,W,VALLEY RANCH,IRVING,TX,75063,4630,32.927805,-96.958948,0,0,0,0,0,0,0,0,0,0,0,0,0,0,0,0,0,0,0,0,0,1,0,0,0,0,0,0,0,0,0,0,0,0,0,64372
12/7/2000,6/7/2024,3/1/2020,T-000422,804371,167906592,Electrical,T-pole,Foundation only jfh/le,NULL,final,NULL,NULL,2Av7yw,Leland Collier Elect,2e591e63ff690e3f45595509231e540e,Carrollton Farmers Branch Scho,fc28e0c27cfc97648d6db2d23db40c71,NEW WEST HIGH SCHOOL BLK A LT 1 ACS 54.358 VOL95154/0683 DD08011995 CO-DC 3270000A00100 1323270000A,"PUBLIC SCHOOL (ADMINISTRATION, CAMPUS, DORMS, INSTRUCTION)",Public works,OTHER,1,STANDARD US,NEW WEST HIGH SCHOOL,"DALLAS-FORT WORTH-ARLINGTON, TX",Dallas,"IRVING, TX","8401 VALLEY RANCH PKWY E, IRVING, TX 75063",8401 VALLEY RANCH PKWY E,8401,E,VALLEY RANCH,IRVING,TX,75063,5405,32.919387,-96.946575,0,0,0,0,0,0,0,0,1,0,0,0,1,0,0,0,0,0,0,0,0,0,0,0,0,0,0,0,0,0,0,0,0,0,0,64412
12/15/2000,6/7/2024,3/1/2020,H-001233,804379,167906592,Co,School/educational,"New 250, 000sf high school w/playing feilds jh/lde",NULL,FINALED,0,NULL,yLe0rp,"Charter Builders, Inc",4361318953e0b0aa100c0520743336e6,Carrollton/farmers Branch Isd,cd324af241f9c7c52f4610896430d09e,NEW WEST HIGH SCHOOL BLK A LT 1 ACS 54.358 VOL95154/0683 DD08011995 CO-DC 3270000A00100 1323270000A,"PUBLIC SCHOOL (ADMINISTRATION, CAMPUS, DORMS, INSTRUCTION)",Public works,OTHER,1,STANDARD US,NEW WEST HIGH SCHOOL,"DALLAS-FORT WORTH-ARLINGTON, TX",Dallas,"IRVING, TX","8401 VALLEY RANCH PKWY E, IRVING, TX 75063",8401 VALLEY RANCH PKWY E,8401,E,VALLEY RANCH,IRVING,TX,75063,5405,32.919387,-96.946575,0,0,1,0,0,0,0,0,0,0,0,0,0,0,0,0,0,0,0,0,0,0,0,0,0,0,0,0,0,0,0,0,0,0,0,64415
6/29/2000,7/28/2023,3/1/2020,2000-020517 EP,37497231,167588060,Electrical permit - remodel,Residential,Electrical permit - remodel - connect m/h electrical srv only eud - residential,7601 Daffan La Unit 418,final,NULL,64,NULL,MED TEX Electric,1ab60f235ac402b4c35afdf4d95f3b40,NULL,NULL,NULL,NULL,Other or unknown,NULL,NULL,NULL,NULL,NULL,NULL,NULL,NULL,NULL,NULL,NULL,NULL,NULL,NULL,NULL,NULL,NULL,NULL,0,0,0,0,0,0,0,0,0,0,0,0,0,0,0,0,0,0,0,0,0,0,0,0,0,0,0,0,0,0,0,0,0,0,0,1623507
9/6/2000,4/25/2022,3/1/2020,G-001023,804383,167906592,General,Driveway approach,Adding 3 driveway approaches jfh/eg,NULL,final,NULL,NULL,NDzxrv,Sizelove Const CO I,3fa611048df6649022874e559cf12776,NULL,NULL,NEW WEST HIGH SCHOOL BLK A LT 1 ACS 54.358 VOL95154/0683 DD08011995 CO-DC 3270000A00100 1323270000A,"PUBLIC SCHOOL (ADMINISTRATION, CAMPUS, DORMS, INSTRUCTION)",Public works,OTHER,1,STANDARD US,NEW WEST HIGH SCHOOL,"DALLAS-FORT WORTH-ARLINGTON, TX",Dallas,"IRVING, TX","8401 VALLEY RANCH PKWY E, IRVING, TX 75063",8401 VALLEY RANCH PKWY E,8401,E,VALLEY RANCH,IRVING,TX,75063,5405,32.919387,-96.946575,0,0,0,0,0,0,0,0,0,0,0,0,0,0,0,0,0,0,0,0,0,0,0,1,0,0,0,0,0,0,0,0,0,0,0,64417
12/15/2000,6/7/2024,3/1/2020,BP-1200-0050,804387,167906592,Parent,NULL,"New 250, 000sf high school w/playing feilds jh/lde",NULL,NONE,30000000,NULL,yLe0rp,"Charter Builders, Inc",4361318953e0b0aa100c0520743336e6,Carrollton/farmers Branch Isd,cd324af241f9c7c52f4610896430d09e,NEW WEST HIGH SCHOOL BLK A LT 1 ACS 54.358 VOL95154/0683 DD08011995 CO-DC 3270000A00100 1323270000A,"PUBLIC SCHOOL (ADMINISTRATION, CAMPUS, DORMS, INSTRUCTION)",Public works,OTHER,1,STANDARD US,NEW WEST HIGH SCHOOL,"DALLAS-FORT WORTH-ARLINGTON, TX",Dallas,"IRVING, TX","8401 VALLEY RANCH PKWY E, IRVING, TX 75063",8401 VALLEY RANCH PKWY E,8401,E,VALLEY RANCH,IRVING,TX,75063,5405,32.919387,-96.946575,0,0,0,0,0,0,0,0,0,0,0,0,0,0,0,0,0,0,0,0,0,1,0,0,0,0,0,0,0,0,0,0,0,0,0,64419
8/24/2000,6/7/2024,3/1/2020,BP-0800-0123,804390,167906592,Parent,NULL,Foundation only jfh/le,NULL,NONE,6800000,NULL,yLe0rp,"Charter Builders, Inc",4361318953e0b0aa100c0520743336e6,Carrollton-farmers Branch Scho,181c7937d8257275d0342fb16fb93695,NEW WEST HIGH SCHOOL BLK A LT 1 ACS 54.358 VOL95154/0683 DD08011995 CO-DC 3270000A00100 1323270000A,"PUBLIC SCHOOL (ADMINISTRATION, CAMPUS, DORMS, INSTRUCTION)",Public works,OTHER,1,STANDARD US,NEW WEST HIGH SCHOOL,"DALLAS-FORT WORTH-ARLINGTON, TX",Dallas,"IRVING, TX","8401 VALLEY RANCH PKWY E, IRVING, TX 75063",8401 VALLEY RANCH PKWY E,8401,E,VALLEY RANCH,IRVING,TX,75063,5405,32.919387,-96.946575,0,0,0,0,0,0,0,0,0,0,0,0,1,0,0,0,0,0,0,0,0,0,0,0,0,0,0,0,0,0,0,0,0,0,0,64420
12/7/2000,6/7/2024,3/1/2020,B-001915,804396,167906592,Commercial building,School/educational,Foundation only jfh/le,NULL,final,NULL,NULL,yLe0rp,Charter Builders INC,fa4cb6ba6dc476940f2067095ded016d,Carrollton Farmers Branch Scho,fc28e0c27cfc97648d6db2d23db40c71,NEW WEST HIGH SCHOOL BLK A LT 1 ACS 54.358 VOL95154/0683 DD08011995 CO-DC 3270000A00100 1323270000A,"PUBLIC SCHOOL (ADMINISTRATION, CAMPUS, DORMS, INSTRUCTION)",Public works,OTHER,1,STANDARD US,NEW WEST HIGH SCHOOL,"DALLAS-FORT WORTH-ARLINGTON, TX",Dallas,"IRVING, TX","8401 VALLEY RANCH PKWY E, IRVING, TX 75063",8401 VALLEY RANCH PKWY E,8401,E,VALLEY RANCH,IRVING,TX,75063,5405,32.919387,-96.946575,0,0,1,0,0,0,0,0,0,0,0,0,1,0,0,0,0,0,0,0,0,0,0,0,0,0,0,0,0,0,0,0,0,0,0,64424
8/11/2000,9/6/2021,3/1/2020,BP-0800-0077,804748,33307479,Parent,NULL,Remodel kitchen bathroom & 2 bdrms. Ch,NULL,NONE,20000,40,gq3Jwn,BP Construction,a8aa117f67d747df88a124619d13ba96,"Otto, Kevin",31f8821489f0e315fc9338556952bd62,CASITAS AT VALLEY RANCH BLK A LT 74 INT201000205733 DD08092010 CO-DC 0556700A07400 2CI0556700A,SINGLE FAMILY RESIDENCE,Residential,SINGLE FAMILY RESIDENCE,1,STANDARD US,CASITAS AT VALLEY RANCH,"DALLAS-FORT WORTH-ARLINGTON, TX",Dallas,"IRVING, TX","606 RANCHO CIR, IRVING, TX 75063",606 RANCHO CIR,606,NULL,RANCHO,IRVING,TX,75063,4573,32.928124,-96.954792,0,1,0,0,0,0,0,0,0,0,0,0,0,0,0,0,1,0,0,0,1,0,0,0,0,0,0,1,0,0,0,0,0,0,0,64510
8/11/2000,9/6/2021,3/1/2020,B-001809,804750,33307479,Residential building,Single family dwelling,Remodel kitchen bathroom & 2 bdrms. Ch,NULL,expired,0,0,gq3Jwn,BP Construction,a8aa117f67d747df88a124619d13ba96,"Otto, Kevin",31f8821489f0e315fc9338556952bd62,CASITAS AT VALLEY RANCH BLK A LT 74 INT201000205733 DD08092010 CO-DC 0556700A07400 2CI0556700A,SINGLE FAMILY RESIDENCE,Residential,SINGLE FAMILY RESIDENCE,1,STANDARD US,CASITAS AT VALLEY RANCH,"DALLAS-FORT WORTH-ARLINGTON, TX",Dallas,"IRVING, TX","606 RANCHO CIR, IRVING, TX 75063",606 RANCHO CIR,606,NULL,RANCHO,IRVING,TX,75063,4573,32.928124,-96.954792,0,1,0,0,0,0,0,0,0,0,0,0,0,0,0,0,1,0,0,0,1,0,0,0,0,0,0,1,0,0,0,0,0,0,0,64511
10/16/2000,10/2/2023,3/1/2020,M-001021,805653,2686676,Mechanical,Apartment,"Install 70, 000 btu furnace cv",NULL,expired,NULL,35,NULL,Spencer AIR Cond,d33b0eebf4c5bce6831fe7fc826e053e,Lueke,e9ea54b97c29d7d6476ba9dc32ed2e56,NORTHWEST PARK 1ST INST BLK 3 LOT 31 VOL2003-448999 DD11212003 CO-DA 3535000303100 2CI35350003,SINGLE FAMILY RESIDENCE,Residential,SINGLE FAMILY RESIDENCE,1,STANDARD US,NORTHWEST PARK 1ST,"DALLAS-FORT WORTH-ARLINGTON, TX",Dallas,"IRVING, TX","3825 RAINIER ST, IRVING, TX 75062",3825 RAINIER ST,3825,NULL,RAINIER,IRVING,TX,75062,7282,32.84089,-97.002572,0,0,0,0,0,0,0,0,0,0,0,0,0,0,0,1,0,0,1,0,0,0,0,0,0,0,0,0,0,0,0,0,0,0,0,64802
10/3/2000,4/12/2021,3/1/2020,P-001572,806388,140144494,plumbing,Water heater,Water heater le,NULL,expired,NULL,35,NDZ7rr,RON Brackett,9dfb2922ac9645782cb337199a25df02,Arizpe,6247e307a6702f0c670bc102824397ad,NORTHGATE BLK 9 LOT 5 VOL 83193 PG 3538 33450009005 13233450009,SINGLE FAMILY RESIDENCE,Residential,SINGLE FAMILY RESIDENCE,1,STANDARD US,NORTHGATE,"DALLAS-FORT WORTH-ARLINGTON, TX",Dallas,"IRVING, TX","3517 PRINCETON DR, IRVING, TX 75062",3517 PRINCETON DR,3517,NULL,PRINCETON,IRVING,TX,75062,4544,32.850534,-96.949111,0,0,0,0,0,0,0,0,0,0,0,0,0,0,0,0,0,0,0,0,0,0,0,0,1,0,0,0,0,0,0,0,0,0,0,65005
4/28/2000,3/7/2022,3/1/2020,BP-0400-0120,806420,146169895,Parent,NULL,Reroofing eg,NULL,NONE,4650,106,xzW16r,Jon Wright Roofing,fd94b7a2be80229a725a201b951b6cf1,Burcham,226fe9a11d7b0d887d410e69062298fa,NORTHGATE BLK 8 LOT 16 INT202100180160 DD06162021 CO-DC 3345000801600 2CI33450008,SINGLE FAMILY RESIDENCE,Residential,SINGLE FAMILY RESIDENCE,1,STANDARD US,NORTHGATE,"DALLAS-FORT WORTH-ARLINGTON, TX",Dallas,"IRVING, TX","3418 PRINCETON DR, IRVING, TX 75062",3418 PRINCETON DR,3418,NULL,PRINCETON,IRVING,TX,75062,4551,32.849275,-96.947239,0,0,0,0,0,0,0,0,0,0,0,0,0,0,0,0,0,0,0,0,0,0,0,0,0,0,0,0,0,1,0,0,0,0,0,65016
